cep_start,cep_end,min_weight_kg,max_weight_kg,base_amount,ad_valorem_pct,extra_per_kg,sla_days
1000000,5999999,0.0,1.0,32.59,0,0,14
1000000,5999999,1.001,5.0,129.9,0,0,14
1000000,5999999,5.001,10.0,199.9,0,0,14
1000000,5999999,10.001,15.0,229.9,0,0,14
1000000,5999999,15.001,20.0,259.9,0,0,14
1000000,5999999,20.001,30.0,299.9,0,0,14
1000000,5999999,30.001,40.0,399.9,0,0,14
1000000,5999999,40.001,50.0,559.9,0,0,14
1000000,5999999,50.001,80.0,799.9,0,0,14
1000000,5999999,80.001,110.0,520.49,0,0,14
1000000,5999999,100.001,200.0,645.89,0,0,14
1000000,5999999,200.001,300.0,700.98,0,0,14
1000000,5999999,300.001,999.999,700.98,0,0,14
6000000,7999999,0.0,1.0,32.59,0,0,14
6000000,7999999,1.001,5.0,129.9,0,0,14
6000000,7999999,5.001,10.0,199.9,0,0,14
6000000,7999999,10.001,15.0,229.9,0,0,14
6000000,7999999,15.001,20.0,259.9,0,0,14
6000000,7999999,20.001,30.0,299.9,0,0,14
6000000,7999999,30.001,40.0,399.9,0,0,14
6000000,7999999,40.001,50.0,559.9,0,0,14
6000000,7999999,50.001,80.0,799.9,0,0,14
6000000,7999999,80.001,100.0,520.49,0,0,14
6000000,7999999,100.001,200.0,645.89,0,0,14
6000000,7999999,200.001,300.0,700.98,0,0,14
6000000,7999999,300.001,999.999,700.98,0,0,14
8000000,8499999,0.0,1.0,32.59,0,0,14
8000000,8499999,1.001,5.0,129.9,0,0,14
8000000,8499999,5.001,10.0,199.9,0,0,14
8000000,8499999,10.001,15.0,229.9,0,0,14
8000000,8499999,15.001,20.0,259.9,0,0,14
8000000,8499999,20.001,30.0,299.9,0,0,14
8000000,8499999,30.001,40.0,459.9,0,0,14
8000000,8499999,40.001,50.0,559.9,0,0,14
8000000,8499999,50.001,80.0,799.9,0,0,14
8000000,8499999,80.001,100.0,520.49,0,0,14
8000000,8499999,100.001,200.0,645.89,0,0,14
8000000,8499999,200.001,300.0,700.98,0,0,14
8000000,8499999,300.001,999.999,700.98,0,0,14
8500000,9999999,0.0,1.0,32.59,0,0,14
8500000,9999999,1.001,5.0,129.9,0,0,14
8500000,9999999,5.001,10.0,199.9,0,0,14
8500000,9999999,10.001,15.0,229.9,0,0,14
8500000,9999999,15.001,20.0,259.9,0,0,14
8500000,9999999,20.001,30.0,299.9,0,0,14
8500000,9999999,30.001,40.0,459.9,0,0,14
8500000,9999999,40.001,50.0,559.9,0,0,14
8500000,9999999,50.001,80.0,799.9,0,0,14
8500000,9999999,80.001,100.0,520.49,0,0,14
8500000,9999999,100.001,200.0,645.89,0,0,14
8500000,9999999,200.001,300.0,700.98,0,0,14
8500000,9999999,300.001,999.999,700.98,0,0,14
11000000,19999999,0.0,1.0,32.59,0,0,14
11000000,19999999,1.001,5.0,129.9,0,0,14
11000000,19999999,5.001,10.0,199.9,0,0,14
11000000,19999999,10.001,15.0,229.9,0,0,14
11000000,19999999,15.001,20.0,259.9,0,0,14
11000000,19999999,20.001,30.0,299.9,0,0,14
11000000,19999999,30.001,40.0,399.9,0,0,14
11000000,19999999,40.001,50.0,559.9,0,0,14
11000000,19999999,50.001,80.0,799.9,0,0,14
11000000,19999999,80.001,100.0,520.49,0,0,14
11000000,19999999,100.001,200.0,645.89,0,0,14
11000000,19999999,200.001,300.0,700.98,0,0,14
11000000,19999999,300.001,999.999,700.98,0,0,14
20000000,23799999,0.0,1.0,99.9,0,0,20
20000000,23799999,1.001,5.0,99.9,0,0,20
20000000,23799999,5.001,10.0,159.9,0,0,20
20000000,23799999,10.001,15.0,199.9,0,0,20
20000000,23799999,15.001,20.0,279.9,0,0,20
20000000,23799999,20.001,30.0,359.9,0,0,20
20000000,23799999,30.001,40.0,699.9,0,0,20
20000000,23799999,40.001,50.0,999.99,0,0,20
20000000,23799999,50.001,80.0,1299.9,0,0,20
20000000,23799999,80.001,100.0,1500,0,0,20
20000000,23799999,100.001,200.0,1500,0,0,20
20000000,23799999,200.001,300.0,1500,0,0,20
20000000,23799999,300.001,999.999,1500,0,0,20
23800000,23859999,0.0,1.0,64.28,0,0,20
23800000,23859999,1.001,5.0,71.52,0,0,20
23800000,23859999,5.001,10.0,129.99,0,0,20
23800000,23859999,10.001,15.0,139.99,0,0,20
23800000,23859999,15.001,20.0,161.54,0,0,20
23800000,23859999,20.001,30.0,210.99,0,0,20
23800000,23859999,30.001,40.0,399.9,0,0,20
23800000,23859999,40.001,50.0,999.9,0,0,20
23800000,23859999,50.001,80.0,1299.9,0,0,20
23800000,23859999,80.001,100.0,549.98,0,0,20
23800000,23859999,100.001,200.0,699.99,0,0,20
23800000,23859999,200.001,300.0,799.99,0,0,20
23800000,23859999,300.001,999.999,899.99,0,0,20
23860000,23889999,0.0,1.0,64.28,0,0,20
23860000,23889999,1.001,5.0,71.52,0,0,20
23860000,23889999,5.001,10.0,129.99,0,0,20
23860000,23889999,10.001,15.0,139.99,0,0,20
23860000,23889999,15.001,20.0,161.54,0,0,20
23860000,23889999,20.001,30.0,210.99,0,0,20
23860000,23889999,30.001,40.0,399.9,0,0,20
23860000,23889999,40.001,50.0,999.9,0,0,20
23860000,23889999,50.001,80.0,1029.9,0,0,20
23860000,23889999,80.001,100.0,549.98,0,0,20
23860000,23889999,100.001,200.0,699.99,0,0,20
23860000,23889999,200.001,300.0,799.99,0,0,20
23860000,23889999,300.001,999.999,899.99,0,0,20
23890000,23899999,0.0,1.0,64.28,0,0,20
23890000,23899999,1.001,5.0,71.52,0,0,20
23890000,23899999,5.001,10.0,129.99,0,0,20
23890000,23899999,10.001,15.0,139.99,0,0,20
23890000,23899999,15.001,20.0,161.54,0,0,20
23890000,23899999,20.001,30.0,210.99,0,0,20
23890000,23899999,30.001,40.0,399.9,0,0,20
23890000,23899999,40.001,50.0,999.9,0,0,20
23890000,23899999,50.001,80.0,999.9,0,0,20
23890000,23899999,80.001,100.0,549.98,0,0,20
23890000,23899999,100.001,200.0,699.99,0,0,20
23890000,23899999,200.001,300.0,799.99,0,0,20
23890000,23899999,300.001,999.999,899.99,0,0,20
23900000,23999999,0.0,1.0,64.28,0,0,20
23900000,23999999,1.001,5.0,71.52,0,0,20
23900000,23999999,5.001,10.0,129.99,0,0,20
23900000,23999999,10.001,15.0,139.99,0,0,20
23900000,23999999,15.001,20.0,161.54,0,0,20
23900000,23999999,20.001,30.0,210.99,0,0,20
23900000,23999999,30.001,40.0,399.9,0,0,20
23900000,23999999,40.001,50.0,999.99,0,0,20
23900000,23999999,50.001,80.0,999.99,0,0,20
23900000,23999999,80.001,100.0,549.98,0,0,20
23900000,23999999,100.001,200.0,699.99,0,0,20
23900000,23999999,200.001,300.0,799.99,0,0,20
23900000,23999999,300.001,999.999,899.99,0,0,20
24000000,25599999,0.0,1.0,64.28,0,0,20
24000000,25599999,1.001,5.0,71.52,0,0,20
24000000,25599999,5.001,10.0,129.99,0,0,20
24000000,25599999,10.001,15.0,139.99,0,0,20
24000000,25599999,15.001,20.0,161.54,0,0,20
24000000,25599999,20.001,30.0,210.99,0,0,20
24000000,25599999,30.001,40.0,399.9,0,0,20
24000000,25599999,40.001,50.0,999.99,0,0,20
24000000,25599999,50.001,80.0,999.99,0,0,20
24000000,25599999,80.001,100.0,549.98,0,0,20
24000000,25599999,100.001,200.0,699.99,0,0,20
24000000,25599999,200.001,300.0,799.99,0,0,20
24000000,25599999,300.001,999.999,899.99,0,0,20
25600000,25899999,0.0,1.0,64.28,0,0,20
25600000,25899999,1.001,5.0,71.52,0,0,20
25600000,25899999,5.001,10.0,129.99,0,0,20
25600000,25899999,10.001,15.0,139.99,0,0,20
25600000,25899999,15.001,20.0,161.54,0,0,20
25600000,25899999,20.001,30.0,210.99,0,0,20
25600000,25899999,30.001,40.0,399.9,0,0,20
25600000,25899999,40.001,50.0,999.99,0,0,20
25600000,25899999,50.001,80.0,999.99,0,0,20
25600000,25899999,80.001,100.0,549.98,0,0,20
25600000,25899999,100.001,200.0,699.99,0,0,20
25600000,25899999,200.001,300.0,799.99,0,0,20
25600000,25899999,300.001,999.999,899.99,0,0,20
25900000,25949999,0.0,1.0,64.28,0,0,20
25900000,25949999,1.001,5.0,71.52,0,0,20
25900000,25949999,5.001,10.0,129.99,0,0,20
25900000,25949999,10.001,15.0,139.99,0,0,20
25900000,25949999,15.001,20.0,161.54,0,0,20
25900000,25949999,20.001,30.0,210.99,0,0,20
25900000,25949999,30.001,40.0,399.9,0,0,20
25900000,25949999,40.001,50.0,999.99,0,0,20
25900000,25949999,50.001,80.0,999.99,0,0,20
25900000,25949999,80.001,100.0,549.98,0,0,20
25900000,25949999,100.001,200.0,699.99,0,0,20
25900000,25949999,200.001,300.0,799.99,0,0,20
25900000,25949999,300.001,999.999,899.99,0,0,20
25950000,25999999,0.0,1.0,64.28,0,0,20
25950000,25999999,1.001,5.0,71.52,0,0,20
25950000,25999999,5.001,10.0,129.99,0,0,20
25950000,25999999,10.001,15.0,139.99,0,0,20
25950000,25999999,15.001,20.0,161.54,0,0,20
25950000,25999999,20.001,30.0,210.99,0,0,20
25950000,25999999,30.001,40.0,399.9,0,0,20
25950000,25999999,40.001,50.0,999.99,0,0,20
25950000,25999999,50.001,80.0,999.99,0,0,20
25950000,25999999,80.001,100.0,549.98,0,0,20
25950000,25999999,100.001,200.0,699.99,0,0,20
25950000,25999999,200.001,300.0,799.99,0,0,20
25950000,25999999,300.001,999.999,899.99,0,0,20
26000000,26649999,0.0,1.0,64.28,0,0,20
26000000,26649999,1.001,5.0,71.52,0,0,20
26000000,26649999,5.001,10.0,129.99,0,0,20
26000000,26649999,10.001,15.0,139.99,0,0,20
26000000,26649999,15.001,20.0,161.54,0,0,20
26000000,26649999,20.001,30.0,210.99,0,0,20
26000000,26649999,30.001,40.0,399.9,0,0,20
26000000,26649999,40.001,50.0,999.99,0,0,20
26000000,26649999,50.001,80.0,999.99,0,0,20
26000000,26649999,80.001,100.0,549.98,0,0,20
26000000,26649999,100.001,200.0,699.99,0,0,20
26000000,26649999,200.001,300.0,799.99,0,0,20
26000000,26649999,300.001,999.999,899.99,0,0,20
26650000,28679999,0.0,1.0,64.28,0,0,20
26650000,28679999,1.001,5.0,71.52,0,0,20
26650000,28679999,5.001,10.0,129.99,0,0,20
26650000,28679999,10.001,15.0,139.99,0,0,20
26650000,28679999,15.001,20.0,161.54,0,0,20
26650000,28679999,20.001,30.0,210.99,0,0,20
26650000,28679999,30.001,40.0,399.9,0,0,20
26650000,28679999,40.001,50.0,999.99,0,0,20
26650000,28679999,50.001,80.0,999.99,0,0,20
26650000,28679999,80.001,100.0,549.98,0,0,20
26650000,28679999,100.001,200.0,699.99,0,0,20
26650000,28679999,200.001,300.0,799.99,0,0,20
26650000,28679999,300.001,999.999,899.99,0,0,20
28680000,28699999,0.0,1.0,64.28,0,0,20
28680000,28699999,1.001,5.0,71.52,0,0,20
28680000,28699999,5.001,10.0,129.99,0,0,20
28680000,28699999,10.001,15.0,139.99,0,0,20
28680000,28699999,15.001,20.0,161.54,0,0,20
28680000,28699999,20.001,30.0,210.99,0,0,20
28680000,28699999,30.001,40.0,399.9,0,0,20
28680000,28699999,40.001,50.0,999.99,0,0,20
28680000,28699999,50.001,80.0,999.99,0,0,20
28680000,28699999,80.001,100.0,990,0,0,20
28680000,28699999,100.001,200.0,699.99,0,0,20
28680000,28699999,200.001,300.0,799.99,0,0,20
28680000,28699999,300.001,999.999,899.99,0,0,20
28735000,28799999,0.0,1.0,64.28,0,0,20
28735000,28799999,1.001,5.0,71.52,0,0,20
28735000,28799999,5.001,10.0,129.99,0,0,20
28735000,28799999,10.001,15.0,139.99,0,0,20
28735000,28799999,15.001,20.0,161.54,0,0,20
28735000,28799999,20.001,30.0,210.99,0,0,20
28735000,28799999,30.001,40.0,399.9,0,0,20
28735000,28799999,40.001,50.0,559.9,0,0,20
28735000,28799999,50.001,80.0,999.99,0,0,20
28735000,28799999,80.001,100.0,999.99,0,0,20
28735000,28799999,100.001,200.0,699.99,0,0,20
28735000,28799999,200.001,300.0,799.99,0,0,20
28735000,28799999,300.001,999.999,899.99,0,0,20
28800000,28819999,0.0,1.0,64.28,0,0,20
28800000,28819999,1.001,5.0,71.52,0,0,20
28800000,28819999,5.001,10.0,129.99,0,0,20
28800000,28819999,10.001,15.0,139.99,0,0,20
28800000,28819999,15.001,20.0,161.54,0,0,20
28800000,28819999,20.001,30.0,210.99,0,0,20
28800000,28819999,30.001,40.0,399.9,0,0,20
28800000,28819999,40.001,50.0,559.9,0,0,20
28800000,28819999,50.001,80.0,999.99,0,0,20
28800000,28819999,80.001,100.0,999.99,0,0,20
28800000,28819999,100.001,200.0,699.99,0,0,20
28800000,28819999,200.001,300.0,799.99,0,0,20
28800000,28819999,300.001,999.999,899.99,0,0,20
28820000,28999999,0.0,1.0,64.28,0,0,20
28820000,28999999,1.001,5.0,71.52,0,0,20
28820000,28999999,5.001,10.0,129.99,0,0,20
28820000,28999999,10.001,15.0,139.99,0,0,20
28820000,28999999,15.001,20.0,161.54,0,0,20
28820000,28999999,20.001,30.0,210.99,0,0,20
28820000,28999999,30.001,40.0,399.9,0,0,20
28820000,28999999,40.001,50.0,559.9,0,0,20
28820000,28999999,50.001,80.0,999.99,0,0,20
28820000,28999999,80.001,100.0,999.99,0,0,20
28820000,28999999,100.001,200.0,699.99,0,0,20
28820000,28999999,200.001,300.0,799.99,0,0,20
28820000,28999999,300.001,999.999,899.99,0,0,20
29000000,29099999,0.0,1.0,64.28,0,0,21
29000000,29099999,1.001,5.0,71.52,0,0,21
29000000,29099999,5.001,10.0,79.57,0,0,21
29000000,29099999,10.001,15.0,120.71,0,0,21
29000000,29099999,15.001,20.0,141.59,0,0,21
29000000,29099999,20.001,30.0,196.68,0,0,21
29000000,29099999,30.001,40.0,399.9,0,0,21
29000000,29099999,40.001,50.0,559.9,0,0,21
29000000,29099999,50.001,80.0,999.99,0,0,21
29000000,29099999,80.001,100.0,888.88,0,0,21
29000000,29099999,100.001,200.0,687.97,0,0,21
29000000,29099999,200.001,300.0,799.99,0,0,21
29000000,29099999,300.001,999.999,899.99,0,0,21
29100000,29139999,0.0,1.0,64.28,0,0,21
29100000,29139999,1.001,5.0,71.52,0,0,21
29100000,29139999,5.001,10.0,79.57,0,0,21
29100000,29139999,10.001,15.0,120.71,0,0,21
29100000,29139999,15.001,20.0,141.59,0,0,21
29100000,29139999,20.001,30.0,196.68,0,0,21
29100000,29139999,30.001,40.0,399.9,0,0,21
29100000,29139999,40.001,50.0,559.9,0,0,21
29100000,29139999,50.001,80.0,999.99,0,0,21
29100000,29139999,80.001,100.0,999.99,0,0,21
29100000,29139999,100.001,200.0,687.97,0,0,21
29100000,29139999,200.001,300.0,799.99,0,0,21
29100000,29139999,300.001,999.999,899.99,0,0,21
29140000,29159999,0.0,1.0,64.28,0,0,21
29140000,29159999,1.001,5.0,71.52,0,0,21
29140000,29159999,5.001,10.0,79.57,0,0,21
29140000,29159999,10.001,15.0,120.71,0,0,21
29140000,29159999,15.001,20.0,141.59,0,0,21
29140000,29159999,20.001,30.0,196.68,0,0,21
29140000,29159999,30.001,40.0,399.9,0,0,21
29140000,29159999,40.001,50.0,559.9,0,0,21
29140000,29159999,50.001,80.0,999.99,0,0,21
29140000,29159999,80.001,100.0,999.99,0,0,21
29140000,29159999,100.001,200.0,687.97,0,0,21
29140000,29159999,200.001,300.0,799.99,0,0,21
29140000,29159999,300.001,999.999,899.99,0,0,21
29160000,29189999,0.0,1.0,64.28,0,0,21
29160000,29189999,1.001,5.0,71.52,0,0,21
29160000,29189999,5.001,10.0,79.57,0,0,21
29160000,29189999,10.001,15.0,120.71,0,0,21
29160000,29189999,15.001,20.0,141.59,0,0,21
29160000,29189999,20.001,30.0,196.68,0,0,21
29160000,29189999,30.001,40.0,399.9,0,0,21
29160000,29189999,40.001,50.0,559.9,0,0,21
29160000,29189999,50.001,80.0,999.99,0,0,21
29160000,29189999,80.001,100.0,999.99,0,0,21
29160000,29189999,100.001,200.0,687.97,0,0,21
29160000,29189999,200.001,300.0,799.99,0,0,21
29160000,29189999,300.001,999.999,899.99,0,0,21
29190000,29199999,0.0,1.0,64.28,0,0,21
29190000,29199999,1.001,5.0,71.52,0,0,21
29190000,29199999,5.001,10.0,79.57,0,0,21
29190000,29199999,10.001,15.0,120.71,0,0,21
29190000,29199999,15.001,20.0,141.59,0,0,21
29190000,29199999,20.001,30.0,196.68,0,0,21
29190000,29199999,30.001,40.0,399.9,0,0,21
29190000,29199999,40.001,50.0,559.9,0,0,21
29190000,29199999,50.001,80.0,999.99,0,0,21
29190000,29199999,80.001,100.0,999.99,0,0,21
29190000,29199999,100.001,200.0,687.97,0,0,21
29190000,29199999,200.001,300.0,799.99,0,0,21
29190000,29199999,300.001,999.999,899.99,0,0,21
29200000,29229999,0.0,1.0,64.28,0,0,21
29200000,29229999,1.001,5.0,71.52,0,0,21
29200000,29229999,5.001,10.0,79.57,0,0,21
29200000,29229999,10.001,15.0,120.71,0,0,21
29200000,29229999,15.001,20.0,141.59,0,0,21
29200000,29229999,20.001,30.0,196.68,0,0,21
29200000,29229999,30.001,40.0,399.9,0,0,21
29200000,29229999,40.001,50.0,559.9,0,0,21
29200000,29229999,50.001,80.0,999.99,0,0,21
29200000,29229999,80.001,100.0,999.99,0,0,21
29200000,29229999,100.001,200.0,687.97,0,0,21
29200000,29229999,200.001,300.0,799.99,0,0,21
29200000,29229999,300.001,999.999,899.99,0,0,21
29230000,29999999,0.0,1.0,64.28,0,0,21
29230000,29999999,1.001,5.0,71.52,0,0,21
29230000,29999999,5.001,10.0,79.57,0,0,21
29230000,29999999,10.001,15.0,120.71,0,0,21
29230000,29999999,15.001,20.0,141.59,0,0,21
29230000,29999999,20.001,30.0,196.68,0,0,21
29230000,29999999,30.001,40.0,399.9,0,0,21
29230000,29999999,40.001,50.0,559.9,0,0,21
29230000,29999999,50.001,80.0,999.99,0,0,21
29230000,29999999,80.001,100.0,999.99,0,0,21
29230000,29999999,100.001,200.0,687.97,0,0,21
29230000,29999999,200.001,300.0,799.99,0,0,21
29230000,29999999,300.001,999.999,899.99,0,0,21
30000000,31999999,0.0,1.0,89.9,0,0,18
30000000,31999999,1.001,5.0,159.9,0,0,18
30000000,31999999,5.001,10.0,189.9,0,0,18
30000000,31999999,10.001,15.0,199.9,0,0,18
30000000,31999999,15.001,20.0,239.9,0,0,18
30000000,31999999,20.001,30.0,299.9,0,0,18
30000000,31999999,30.001,40.0,399.9,0,0,18
30000000,31999999,40.001,50.0,559.9,0,0,18
30000000,31999999,50.001,80.0,699.9,0,0,18
30000000,31999999,80.001,100.0,699.9,0,0,18
30000000,31999999,100.001,200.0,800.98,0,0,18
30000000,31999999,200.001,300.0,950.49,0,0,18
30000000,31999999,300.001,999.999,1100.98,0,0,18
32000000,32499999,0.0,1.0,30.15,0,0,18
32000000,32499999,1.001,5.0,40.24,0,0,18
32000000,32499999,5.001,10.0,129.99,0,0,18
32000000,32499999,10.001,15.0,139.9,0,0,18
32000000,32499999,15.001,20.0,189.99,0,0,18
32000000,32499999,20.001,30.0,219.99,0,0,18
32000000,32499999,30.001,40.0,399.9,0,0,18
32000000,32499999,40.001,50.0,559.9,0,0,18
32000000,32499999,50.001,80.0,699.9,0,0,18
32000000,32499999,80.001,100.0,598.97,0,0,18
32000000,32499999,100.001,200.0,800.98,0,0,18
32000000,32499999,200.001,300.0,950.49,0,0,18
32000000,32499999,300.001,999.999,1100.98,0,0,18
32600000,32699999,0.0,1.0,30.15,0,0,18
32600000,32699999,1.001,5.0,40.24,0,0,18
32600000,32699999,5.001,10.0,129.99,0,0,18
32600000,32699999,10.001,15.0,139.9,0,0,18
32600000,32699999,15.001,20.0,189.99,0,0,18
32600000,32699999,20.001,30.0,219.99,0,0,18
32600000,32699999,30.001,40.0,399.9,0,0,18
32600000,32699999,40.001,50.0,559.9,0,0,18
32600000,32699999,50.001,80.0,699.9,0,0,18
32600000,32699999,80.001,100.0,598.97,0,0,18
32600000,32699999,100.001,200.0,800.98,0,0,18
32600000,32699999,200.001,300.0,950.49,0,0,18
32600000,32699999,300.001,999.999,1100.98,0,0,18
32900000,34999999,0.0,1.0,30.15,0,0,18
32900000,34999999,1.001,5.0,40.24,0,0,18
32900000,34999999,5.001,10.0,129.99,0,0,18
32900000,34999999,10.001,15.0,139.9,0,0,18
32900000,34999999,15.001,20.0,189.99,0,0,18
32900000,34999999,20.001,30.0,219.99,0,0,18
32900000,34999999,30.001,40.0,399.9,0,0,18
32900000,34999999,40.001,50.0,559.9,0,0,18
32900000,34999999,50.001,80.0,699.9,0,0,18
32900000,34999999,80.001,100.0,598.97,0,0,18
32900000,34999999,100.001,200.0,800.98,0,0,18
32900000,34999999,200.001,300.0,950.49,0,0,18
32900000,34999999,300.001,999.999,1100.98,0,0,18
35000000,35191999,0.0,1.0,30.15,0,0,18
35000000,35191999,1.001,5.0,40.24,0,0,18
35000000,35191999,5.001,10.0,129.99,0,0,18
35000000,35191999,10.001,15.0,139.9,0,0,18
35000000,35191999,15.001,20.0,189.99,0,0,18
35000000,35191999,20.001,30.0,219.99,0,0,18
35000000,35191999,30.001,40.0,399.9,0,0,18
35000000,35191999,40.001,50.0,559.9,0,0,18
35000000,35191999,50.001,80.0,699.9,0,0,18
35000000,35191999,80.001,100.0,598.97,0,0,18
35000000,35191999,100.001,200.0,800.98,0,0,18
35000000,35191999,200.001,300.0,950.49,0,0,18
35000000,35191999,300.001,999.999,1100.98,0,0,18
35193000,35459999,0.0,1.0,30.15,0,0,18
35193000,35459999,1.001,5.0,40.24,0,0,18
35193000,35459999,5.001,10.0,129.99,0,0,18
35193000,35459999,10.001,15.0,139.9,0,0,18
35193000,35459999,15.001,20.0,189.99,0,0,18
35193000,35459999,20.001,30.0,219.99,0,0,18
35193000,35459999,30.001,40.0,399.9,0,0,18
35193000,35459999,40.001,50.0,559.9,0,0,18
35193000,35459999,50.001,80.0,699.9,0,0,18
35193000,35459999,80.001,100.0,598.97,0,0,18
35193000,35459999,100.001,200.0,800.98,0,0,18
35193000,35459999,200.001,300.0,950.49,0,0,18
35193000,35459999,300.001,999.999,1100.98,0,0,18
35460000,35469999,0.0,1.0,30.15,0,0,18
35460000,35469999,1.001,5.0,40.24,0,0,18
35460000,35469999,5.001,10.0,129.99,0,0,18
35460000,35469999,10.001,15.0,139.9,0,0,18
35460000,35469999,15.001,20.0,189.99,0,0,18
35460000,35469999,20.001,30.0,219.99,0,0,18
35460000,35469999,30.001,40.0,399.9,0,0,18
35460000,35469999,40.001,50.0,559.9,0,0,18
35460000,35469999,50.001,80.0,699.9,0,0,18
35460000,35469999,80.001,100.0,598.97,0,0,18
35460000,35469999,100.001,200.0,800.98,0,0,18
35460000,35469999,200.001,300.0,950.49,0,0,18
35460000,35469999,300.001,999.999,1100.98,0,0,18
35470000,35484999,0.0,1.0,30.15,0,0,18
35470000,35484999,1.001,5.0,40.24,0,0,18
35470000,35484999,5.001,10.0,129.99,0,0,18
35470000,35484999,10.001,15.0,139.9,0,0,18
35470000,35484999,15.001,20.0,189.99,0,0,18
35470000,35484999,20.001,30.0,219.99,0,0,18
35470000,35484999,30.001,40.0,399.9,0,0,18
35470000,35484999,40.001,50.0,559.9,0,0,18
35470000,35484999,50.001,80.0,699.9,0,0,18
35470000,35484999,80.001,100.0,598.97,0,0,18
35470000,35484999,100.001,200.0,800.98,0,0,18
35470000,35484999,200.001,300.0,950.49,0,0,18
35470000,35484999,300.001,999.999,1100.98,0,0,18
35485000,35487999,0.0,1.0,30.15,0,0,18
35485000,35487999,1.001,5.0,40.24,0,0,18
35485000,35487999,5.001,10.0,129.99,0,0,18
35485000,35487999,10.001,15.0,139.9,0,0,18
35485000,35487999,15.001,20.0,189.99,0,0,18
35485000,35487999,20.001,30.0,219.99,0,0,18
35485000,35487999,30.001,40.0,399.9,0,0,18
35485000,35487999,40.001,50.0,559.9,0,0,18
35485000,35487999,50.001,80.0,699.9,0,0,18
35485000,35487999,80.001,100.0,598.97,0,0,18
35485000,35487999,100.001,200.0,800.98,0,0,18
35485000,35487999,200.001,300.0,950.49,0,0,18
35485000,35487999,300.001,999.999,1100.98,0,0,18
35488000,35490999,0.0,1.0,30.15,0,0,18
35488000,35490999,1.001,5.0,40.24,0,0,18
35488000,35490999,5.001,10.0,129.99,0,0,18
35488000,35490999,10.001,15.0,139.9,0,0,18
35488000,35490999,15.001,20.0,189.99,0,0,18
35488000,35490999,20.001,30.0,219.99,0,0,18
35488000,35490999,30.001,40.0,399.9,0,0,18
35488000,35490999,40.001,50.0,559.9,0,0,18
35488000,35490999,50.001,80.0,699.9,0,0,18
35488000,35490999,80.001,100.0,598.97,0,0,18
35488000,35490999,100.001,200.0,800.98,0,0,18
35488000,35490999,200.001,300.0,950.49,0,0,18
35488000,35490999,300.001,999.999,1100.98,0,0,18
35492000,35669999,0.0,1.0,30.15,0,0,18
35492000,35669999,1.001,5.0,40.24,0,0,18
35492000,35669999,5.001,10.0,129.99,0,0,18
35492000,35669999,10.001,15.0,139.9,0,0,18
35492000,35669999,15.001,20.0,189.99,0,0,18
35492000,35669999,20.001,30.0,219.99,0,0,18
35492000,35669999,30.001,40.0,399.9,0,0,18
35492000,35669999,40.001,50.0,559.9,0,0,18
35492000,35669999,50.001,80.0,699.9,0,0,18
35492000,35669999,80.001,100.0,598.97,0,0,18
35492000,35669999,100.001,200.0,800.98,0,0,18
35492000,35669999,200.001,300.0,950.49,0,0,18
35492000,35669999,300.001,999.999,1100.98,0,0,18
35670000,35679999,0.0,1.0,30.15,0,0,18
35670000,35679999,1.001,5.0,40.24,0,0,18
35670000,35679999,5.001,10.0,129.99,0,0,18
35670000,35679999,10.001,15.0,139.9,0,0,18
35670000,35679999,15.001,20.0,189.99,0,0,18
35670000,35679999,20.001,30.0,219.99,0,0,18
35670000,35679999,30.001,40.0,399.9,0,0,18
35670000,35679999,40.001,50.0,559.9,0,0,18
35670000,35679999,50.001,80.0,699.9,0,0,18
35670000,35679999,80.001,100.0,598.97,0,0,18
35670000,35679999,100.001,200.0,800.98,0,0,18
35670000,35679999,200.001,300.0,950.49,0,0,18
35670000,35679999,300.001,999.999,1100.98,0,0,18
35680000,35684999,0.0,1.0,30.15,0,0,18
35680000,35684999,1.001,5.0,40.24,0,0,18
35680000,35684999,5.001,10.0,129.99,0,0,18
35680000,35684999,10.001,15.0,139.9,0,0,18
35680000,35684999,15.001,20.0,189.99,0,0,18
35680000,35684999,20.001,30.0,219.99,0,0,18
35680000,35684999,30.001,40.0,399.9,0,0,18
35680000,35684999,40.001,50.0,559.9,0,0,18
35680000,35684999,50.001,80.0,699.9,0,0,18
35680000,35684999,80.001,100.0,598.97,0,0,18
35680000,35684999,100.001,200.0,800.98,0,0,18
35680000,35684999,200.001,300.0,950.49,0,0,18
35680000,35684999,300.001,999.999,1100.98,0,0,18
35685000,35693999,0.0,1.0,30.15,0,0,18
35685000,35693999,1.001,5.0,40.24,0,0,18
35685000,35693999,5.001,10.0,129.99,0,0,18
35685000,35693999,10.001,15.0,139.9,0,0,18
35685000,35693999,15.001,20.0,189.99,0,0,18
35685000,35693999,20.001,30.0,219.99,0,0,18
35685000,35693999,30.001,40.0,399.9,0,0,18
35685000,35693999,40.001,50.0,559.9,0,0,18
35685000,35693999,50.001,80.0,699.9,0,0,18
35685000,35693999,80.001,100.0,598.97,0,0,18
35685000,35693999,100.001,200.0,800.98,0,0,18
35685000,35693999,200.001,300.0,950.49,0,0,18
35685000,35693999,300.001,999.999,1100.98,0,0,18
35694000,35719999,0.0,1.0,30.15,0,0,18
35694000,35719999,1.001,5.0,40.24,0,0,18
35694000,35719999,5.001,10.0,129.99,0,0,18
35694000,35719999,10.001,15.0,139.9,0,0,18
35694000,35719999,15.001,20.0,189.99,0,0,18
35694000,35719999,20.001,30.0,219.99,0,0,18
35694000,35719999,30.001,40.0,399.9,0,0,18
35694000,35719999,40.001,50.0,559.9,0,0,18
35694000,35719999,50.001,80.0,699.9,0,0,18
35694000,35719999,80.001,100.0,598.97,0,0,18
35694000,35719999,100.001,200.0,800.98,0,0,18
35694000,35719999,200.001,300.0,950.49,0,0,18
35694000,35719999,300.001,999.999,1100.98,0,0,18
35720000,35735999,0.0,1.0,30.15,0,0,18
35720000,35735999,1.001,5.0,40.24,0,0,18
35720000,35735999,5.001,10.0,129.99,0,0,18
35720000,35735999,10.001,15.0,139.9,0,0,18
35720000,35735999,15.001,20.0,189.99,0,0,18
35720000,35735999,20.001,30.0,219.99,0,0,18
35720000,35735999,30.001,40.0,399.9,0,0,18
35720000,35735999,40.001,50.0,559.9,0,0,18
35720000,35735999,50.001,80.0,699.9,0,0,18
35720000,35735999,80.001,100.0,598.97,0,0,18
35720000,35735999,100.001,200.0,800.98,0,0,18
35720000,35735999,200.001,300.0,950.49,0,0,18
35720000,35735999,300.001,999.999,1100.98,0,0,18
35736000,35739999,0.0,1.0,30.15,0,0,18
35736000,35739999,1.001,5.0,40.24,0,0,18
35736000,35739999,5.001,10.0,129.99,0,0,18
35736000,35739999,10.001,15.0,139.9,0,0,18
35736000,35739999,15.001,20.0,189.99,0,0,18
35736000,35739999,20.001,30.0,219.99,0,0,18
35736000,35739999,30.001,40.0,399.9,0,0,18
35736000,35739999,40.001,50.0,559.9,0,0,18
35736000,35739999,50.001,80.0,699.9,0,0,18
35736000,35739999,80.001,100.0,598.97,0,0,18
35736000,35739999,100.001,200.0,800.98,0,0,18
35736000,35739999,200.001,300.0,950.49,0,0,18
35736000,35739999,300.001,999.999,1100.98,0,0,18
35740000,35759999,0.0,1.0,30.15,0,0,18
35740000,35759999,1.001,5.0,40.24,0,0,18
35740000,35759999,5.001,10.0,129.99,0,0,18
35740000,35759999,10.001,15.0,139.9,0,0,18
35740000,35759999,15.001,20.0,189.99,0,0,18
35740000,35759999,20.001,30.0,219.99,0,0,18
35740000,35759999,30.001,40.0,399.9,0,0,18
35740000,35759999,40.001,50.0,559.9,0,0,18
35740000,35759999,50.001,80.0,699.9,0,0,18
35740000,35759999,80.001,100.0,598.97,0,0,18
35740000,35759999,100.001,200.0,800.98,0,0,18
35740000,35759999,200.001,300.0,950.49,0,0,18
35740000,35759999,300.001,999.999,1100.98,0,0,18
35760000,35829999,0.0,1.0,30.15,0,0,18
35760000,35829999,1.001,5.0,40.24,0,0,18
35760000,35829999,5.001,10.0,129.99,0,0,18
35760000,35829999,10.001,15.0,139.9,0,0,18
35760000,35829999,15.001,20.0,189.99,0,0,18
35760000,35829999,20.001,30.0,219.99,0,0,18
35760000,35829999,30.001,40.0,399.9,0,0,18
35760000,35829999,40.001,50.0,559.9,0,0,18
35760000,35829999,50.001,80.0,699.9,0,0,18
35760000,35829999,80.001,100.0,598.97,0,0,18
35760000,35829999,100.001,200.0,800.98,0,0,18
35760000,35829999,200.001,300.0,950.49,0,0,18
35760000,35829999,300.001,999.999,1100.98,0,0,18
35830000,35844999,0.0,1.0,30.15,0,0,18
35830000,35844999,1.001,5.0,40.24,0,0,18
35830000,35844999,5.001,10.0,129.99,0,0,18
35830000,35844999,10.001,15.0,139.9,0,0,18
35830000,35844999,15.001,20.0,189.99,0,0,18
35830000,35844999,20.001,30.0,219.99,0,0,18
35830000,35844999,30.001,40.0,399.9,0,0,18
35830000,35844999,40.001,50.0,559.9,0,0,18
35830000,35844999,50.001,80.0,699.9,0,0,18
35830000,35844999,80.001,100.0,598.97,0,0,18
35830000,35844999,100.001,200.0,800.98,0,0,18
35830000,35844999,200.001,300.0,950.49,0,0,18
35830000,35844999,300.001,999.999,1100.98,0,0,18
35845000,36835999,0.0,1.0,30.15,0,0,18
35845000,36835999,1.001,5.0,40.24,0,0,18
35845000,36835999,5.001,10.0,129.99,0,0,18
35845000,36835999,10.001,15.0,139.9,0,0,18
35845000,36835999,15.001,20.0,189.99,0,0,18
35845000,36835999,20.001,30.0,219.99,0,0,18
35845000,36835999,30.001,40.0,399.9,0,0,18
35845000,36835999,40.001,50.0,559.9,0,0,18
35845000,36835999,50.001,80.0,699.9,0,0,18
35845000,36835999,80.001,100.0,598.97,0,0,18
35845000,36835999,100.001,200.0,800.98,0,0,18
35845000,36835999,200.001,300.0,950.49,0,0,18
35845000,36835999,300.001,999.999,1100.98,0,0,18
36840000,38819999,0.0,1.0,30.15,0,0,18
36840000,38819999,1.001,5.0,40.24,0,0,18
36840000,38819999,5.001,10.0,129.99,0,0,18
36840000,38819999,10.001,15.0,139.9,0,0,18
36840000,38819999,15.001,20.0,189.99,0,0,18
36840000,38819999,20.001,30.0,219.99,0,0,18
36840000,38819999,30.001,40.0,399.9,0,0,18
36840000,38819999,40.001,50.0,559.9,0,0,18
36840000,38819999,50.001,80.0,699.9,0,0,18
36840000,38819999,80.001,100.0,598.97,0,0,18
36840000,38819999,100.001,200.0,800.98,0,0,18
36840000,38819999,200.001,300.0,950.49,0,0,18
36840000,38819999,300.001,999.999,1100.98,0,0,18
38840000,39219999,0.0,1.0,30.15,0,0,18
38840000,39219999,1.001,5.0,40.24,0,0,18
38840000,39219999,5.001,10.0,129.99,0,0,18
38840000,39219999,10.001,15.0,139.9,0,0,18
38840000,39219999,15.001,20.0,189.99,0,0,18
38840000,39219999,20.001,30.0,219.99,0,0,18
38840000,39219999,30.001,40.0,399.9,0,0,18
38840000,39219999,40.001,50.0,559.9,0,0,18
38840000,39219999,50.001,80.0,699.9,0,0,18
38840000,39219999,80.001,100.0,598.97,0,0,18
38840000,39219999,100.001,200.0,800.98,0,0,18
38840000,39219999,200.001,300.0,950.49,0,0,18
38840000,39219999,300.001,999.999,1100.98,0,0,18
39230000,39997999,0.0,1.0,30.15,0,0,18
39230000,39997999,1.001,5.0,40.24,0,0,18
39230000,39997999,5.001,10.0,129.99,0,0,18
39230000,39997999,10.001,15.0,139.9,0,0,18
39230000,39997999,15.001,20.0,189.99,0,0,18
39230000,39997999,20.001,30.0,219.99,0,0,18
39230000,39997999,30.001,40.0,399.9,0,0,18
39230000,39997999,40.001,50.0,559.9,0,0,18
39230000,39997999,50.001,80.0,699.9,0,0,18
39230000,39997999,80.001,100.0,598.97,0,0,18
39230000,39997999,100.001,200.0,800.98,0,0,18
39230000,39997999,200.001,300.0,950.49,0,0,18
39230000,39997999,300.001,999.999,1100.98,0,0,18
40000000,42599999,0.0,1.0,249.99,0,0,20
40000000,42599999,1.001,5.0,359.98,0,0,20
40000000,42599999,5.001,10.0,399.9,0,0,20
40000000,42599999,10.001,15.0,499.9,0,0,20
40000000,42599999,15.001,20.0,499.9,0,0,20
40000000,42599999,20.001,30.0,1100,0,0,20
40000000,42599999,30.001,40.0,1499.99,0,0,20
40000000,42599999,40.001,50.0,1699.99,0,0,20
40000000,42599999,50.001,80.0,1999.99,0,0,20
40000000,42599999,80.001,100.0,2229,0,0,20
40000000,42599999,100.001,200.0,2349,0,0,20
40000000,42599999,200.001,300.0,2499.99,0,0,20
40000000,42599999,300.001,999.999,2599.99,0,0,20
42600000,43999999,0.0,1.0,249.99,0,0,20
42600000,43999999,1.001,5.0,359.98,0,0,20
42600000,43999999,5.001,10.0,499.99,0,0,20
42600000,43999999,10.001,15.0,849.99,0,0,20
42600000,43999999,15.001,20.0,949.99,0,0,20
42600000,43999999,20.001,30.0,1100,0,0,20
42600000,43999999,30.001,40.0,1499.99,0,0,20
42600000,43999999,40.001,50.0,1699.99,0,0,20
42600000,43999999,50.001,80.0,1999.99,0,0,20
42600000,43999999,80.001,100.0,2229,0,0,20
42600000,43999999,100.001,200.0,2349,0,0,20
42600000,43999999,200.001,300.0,2499.99,0,0,20
42600000,43999999,300.001,999.999,2599.99,0,0,20
44000000,44459999,0.0,1.0,249.99,0,0,20
44000000,44459999,1.001,5.0,359.98,0,0,20
44000000,44459999,5.001,10.0,499.99,0,0,20
44000000,44459999,10.001,15.0,849.99,0,0,20
44000000,44459999,15.001,20.0,949.99,0,0,20
44000000,44459999,20.001,30.0,1100,0,0,20
44000000,44459999,30.001,40.0,1499.99,0,0,20
44000000,44459999,40.001,50.0,1699.99,0,0,20
44000000,44459999,50.001,80.0,1999.99,0,0,20
44000000,44459999,80.001,100.0,2229,0,0,20
44000000,44459999,100.001,200.0,2349,0,0,20
44000000,44459999,200.001,300.0,2499.99,0,0,20
44000000,44459999,300.001,999.999,2599.99,0,0,20
44460000,44479999,0.0,1.0,249.99,0,0,20
44460000,44479999,1.001,5.0,359.98,0,0,20
44460000,44479999,5.001,10.0,499.99,0,0,20
44460000,44479999,10.001,15.0,849.99,0,0,20
44460000,44479999,15.001,20.0,949.99,0,0,20
44460000,44479999,20.001,30.0,1100,0,0,20
44460000,44479999,30.001,40.0,1499.99,0,0,20
44460000,44479999,40.001,50.0,1699.99,0,0,20
44460000,44479999,50.001,80.0,1999.99,0,0,20
44460000,44479999,80.001,100.0,2229,0,0,20
44460000,44479999,100.001,200.0,2349,0,0,20
44460000,44479999,200.001,300.0,2499.99,0,0,20
44460000,44479999,300.001,999.999,2599.99,0,0,20
44480000,45999999,0.0,1.0,249.99,0,0,20
44480000,45999999,1.001,5.0,359.98,0,0,20
44480000,45999999,5.001,10.0,499.99,0,0,20
44480000,45999999,10.001,15.0,849.99,0,0,20
44480000,45999999,15.001,20.0,949.99,0,0,20
44480000,45999999,20.001,30.0,1100,0,0,20
44480000,45999999,30.001,40.0,1499.99,0,0,20
44480000,45999999,40.001,50.0,1699.99,0,0,20
44480000,45999999,50.001,80.0,1999.99,0,0,20
44480000,45999999,80.001,100.0,2229,0,0,20
44480000,45999999,100.001,200.0,2349,0,0,20
44480000,45999999,200.001,300.0,2499.99,0,0,20
44480000,45999999,300.001,999.999,2599.99,0,0,20
46100000,47859999,0.0,1.0,249.99,0,0,20
46100000,47859999,1.001,5.0,359.98,0,0,20
46100000,47859999,5.001,10.0,499.99,0,0,20
46100000,47859999,10.001,15.0,849.99,0,0,20
46100000,47859999,15.001,20.0,949.99,0,0,20
46100000,47859999,20.001,30.0,1100,0,0,20
46100000,47859999,30.001,40.0,1499.99,0,0,20
46100000,47859999,40.001,50.0,1699.99,0,0,20
46100000,47859999,50.001,80.0,1999.99,0,0,20
46100000,47859999,80.001,100.0,2229,0,0,20
46100000,47859999,100.001,200.0,2349,0,0,20
46100000,47859999,200.001,300.0,2499.99,0,0,20
46100000,47859999,300.001,999.999,2599.99,0,0,20
47900000,48119999,0.0,1.0,249.99,0,0,20
47900000,48119999,1.001,5.0,359.98,0,0,20
47900000,48119999,5.001,10.0,499.99,0,0,20
47900000,48119999,10.001,15.0,849.99,0,0,20
47900000,48119999,15.001,20.0,949.99,0,0,20
47900000,48119999,20.001,30.0,1100,0,0,20
47900000,48119999,30.001,40.0,1499.99,0,0,20
47900000,48119999,40.001,50.0,1699.99,0,0,20
47900000,48119999,50.001,80.0,1999.99,0,0,20
47900000,48119999,80.001,100.0,2229,0,0,20
47900000,48119999,100.001,200.0,2349,0,0,20
47900000,48119999,200.001,300.0,2499.99,0,0,20
47900000,48119999,300.001,999.999,2599.99,0,0,20
48120000,48129999,0.0,1.0,249.99,0,0,20
48120000,48129999,1.001,5.0,359.98,0,0,20
48120000,48129999,5.001,10.0,499.99,0,0,20
48120000,48129999,10.001,15.0,849.99,0,0,20
48120000,48129999,15.001,20.0,949.99,0,0,20
48120000,48129999,20.001,30.0,1100,0,0,20
48120000,48129999,30.001,40.0,1499.99,0,0,20
48120000,48129999,40.001,50.0,1699.99,0,0,20
48120000,48129999,50.001,80.0,1999.99,0,0,20
48120000,48129999,80.001,100.0,2229,0,0,20
48120000,48129999,100.001,200.0,2349,0,0,20
48120000,48129999,200.001,300.0,2499.99,0,0,20
48120000,48129999,300.001,999.999,2599.99,0,0,20
48130000,48279999,0.0,1.0,249.99,0,0,20
48130000,48279999,1.001,5.0,359.98,0,0,20
48130000,48279999,5.001,10.0,499.99,0,0,20
48130000,48279999,10.001,15.0,849.99,0,0,20
48130000,48279999,15.001,20.0,949.99,0,0,20
48130000,48279999,20.001,30.0,1100,0,0,20
48130000,48279999,30.001,40.0,1499.99,0,0,20
48130000,48279999,40.001,50.0,1699.99,0,0,20
48130000,48279999,50.001,80.0,1999.99,0,0,20
48130000,48279999,80.001,100.0,2229,0,0,20
48130000,48279999,100.001,200.0,2349,0,0,20
48130000,48279999,200.001,300.0,2499.99,0,0,20
48130000,48279999,300.001,999.999,2599.99,0,0,20
48280000,48289999,0.0,1.0,249.99,0,0,20
48280000,48289999,1.001,5.0,359.98,0,0,20
48280000,48289999,5.001,10.0,499.99,0,0,20
48280000,48289999,10.001,15.0,849.99,0,0,20
48280000,48289999,15.001,20.0,949.99,0,0,20
48280000,48289999,20.001,30.0,1100,0,0,20
48280000,48289999,30.001,40.0,1499.99,0,0,20
48280000,48289999,40.001,50.0,1699.99,0,0,20
48280000,48289999,50.001,80.0,1999.99,0,0,20
48280000,48289999,80.001,100.0,2229,0,0,20
48280000,48289999,100.001,200.0,2349,0,0,20
48280000,48289999,200.001,300.0,2499.99,0,0,20
48280000,48289999,300.001,999.999,2599.99,0,0,20
48290000,48999999,0.0,1.0,249.99,0,0,20
48290000,48999999,1.001,5.0,359.98,0,0,20
48290000,48999999,5.001,10.0,499.99,0,0,20
48290000,48999999,10.001,15.0,849.99,0,0,20
48290000,48999999,15.001,20.0,949.99,0,0,20
48290000,48999999,20.001,30.0,1100,0,0,20
48290000,48999999,30.001,40.0,1499.99,0,0,20
48290000,48999999,40.001,50.0,1699.99,0,0,20
48290000,48999999,50.001,80.0,1999.99,0,0,20
48290000,48999999,80.001,100.0,2229,0,0,20
48290000,48999999,100.001,200.0,2349,0,0,20
48290000,48999999,200.001,300.0,2499.99,0,0,20
48290000,48999999,300.001,999.999,2599.99,0,0,20
49000000,49099999,0.0,1.0,249.99,0,0,20
49000000,49099999,1.001,5.0,359.98,0,0,20
49000000,49099999,5.001,10.0,499.99,0,0,20
49000000,49099999,10.001,15.0,849.99,0,0,20
49000000,49099999,15.001,20.0,949.99,0,0,20
49000000,49099999,20.001,30.0,1100,0,0,20
49000000,49099999,30.001,40.0,1499.99,0,0,20
49000000,49099999,40.001,50.0,1699.99,0,0,20
49000000,49099999,50.001,80.0,1999.99,0,0,20
49000000,49099999,80.001,100.0,2229,0,0,20
49000000,49099999,100.001,200.0,2349,0,0,20
49000000,49099999,200.001,300.0,2499.99,0,0,20
49000000,49099999,300.001,999.999,2599.99,0,0,20
49100000,49119999,0.0,1.0,249.99,0,0,20
49100000,49119999,1.001,5.0,359.98,0,0,20
49100000,49119999,5.001,10.0,499.99,0,0,20
49100000,49119999,10.001,15.0,849.99,0,0,20
49100000,49119999,15.001,20.0,949.99,0,0,20
49100000,49119999,20.001,30.0,1100,0,0,20
49100000,49119999,30.001,40.0,1499.99,0,0,20
49100000,49119999,40.001,50.0,1699.99,0,0,20
49100000,49119999,50.001,80.0,1999.99,0,0,20
49100000,49119999,80.001,100.0,2229,0,0,20
49100000,49119999,100.001,200.0,2349,0,0,20
49100000,49119999,200.001,300.0,2499.99,0,0,20
49100000,49119999,300.001,999.999,2599.99,0,0,20
49120000,49139999,0.0,1.0,249.99,0,0,20
49120000,49139999,1.001,5.0,359.98,0,0,20
49120000,49139999,5.001,10.0,499.99,0,0,20
49120000,49139999,10.001,15.0,849.99,0,0,20
49120000,49139999,15.001,20.0,949.99,0,0,20
49120000,49139999,20.001,30.0,1100,0,0,20
49120000,49139999,30.001,40.0,1499.99,0,0,20
49120000,49139999,40.001,50.0,1699.99,0,0,20
49120000,49139999,50.001,80.0,1999.99,0,0,20
49120000,49139999,80.001,100.0,2229,0,0,20
49120000,49139999,100.001,200.0,2349,0,0,20
49120000,49139999,200.001,300.0,2499.99,0,0,20
49120000,49139999,300.001,999.999,2599.99,0,0,20
49140000,49169999,0.0,1.0,249.99,0,0,20
49140000,49169999,1.001,5.0,359.98,0,0,20
49140000,49169999,5.001,10.0,499.99,0,0,20
49140000,49169999,10.001,15.0,849.99,0,0,20
49140000,49169999,15.001,20.0,949.99,0,0,20
49140000,49169999,20.001,30.0,1100,0,0,20
49140000,49169999,30.001,40.0,1499.99,0,0,20
49140000,49169999,40.001,50.0,1699.99,0,0,20
49140000,49169999,50.001,80.0,1999.99,0,0,20
49140000,49169999,80.001,100.0,2229,0,0,20
49140000,49169999,100.001,200.0,2349,0,0,20
49140000,49169999,200.001,300.0,2499.99,0,0,20
49140000,49169999,300.001,999.999,2599.99,0,0,20
49170000,49999999,0.0,1.0,249.99,0,0,20
49170000,49999999,1.001,5.0,359.98,0,0,20
49170000,49999999,5.001,10.0,499.99,0,0,20
49170000,49999999,10.001,15.0,849.99,0,0,20
49170000,49999999,15.001,20.0,949.99,0,0,20
49170000,49999999,20.001,30.0,1100,0,0,20
49170000,49999999,30.001,40.0,1499.99,0,0,20
49170000,49999999,40.001,50.0,1699.99,0,0,20
49170000,49999999,50.001,80.0,1999.99,0,0,20
49170000,49999999,80.001,100.0,2229,0,0,20
49170000,49999999,100.001,200.0,2349,0,0,20
49170000,49999999,200.001,300.0,2499.99,0,0,20
49170000,49999999,300.001,999.999,2599.99,0,0,20
50000000,52999999,0.0,1.0,249.99,0,0,20
50000000,52999999,1.001,5.0,359.98,0,0,20
50000000,52999999,5.001,10.0,499.99,0,0,20
50000000,52999999,10.001,15.0,849.99,0,0,20
50000000,52999999,15.001,20.0,949.99,0,0,20
50000000,52999999,20.001,30.0,1100,0,0,20
50000000,52999999,30.001,40.0,1499.99,0,0,20
50000000,52999999,40.001,50.0,1699.99,0,0,20
50000000,52999999,50.001,80.0,1999.99,0,0,20
50000000,52999999,80.001,100.0,2229,0,0,20
50000000,52999999,100.001,200.0,2349,0,0,20
50000000,52999999,200.001,300.0,2499.99,0,0,20
50000000,52999999,300.001,999.999,2599.99,0,0,20
53000000,53989999,0.0,1.0,249.99,0,0,20
53000000,53989999,1.001,5.0,359.98,0,0,20
53000000,53989999,5.001,10.0,499.99,0,0,20
53000000,53989999,10.001,15.0,849.99,0,0,20
53000000,53989999,15.001,20.0,949.99,0,0,20
53000000,53989999,20.001,30.0,1100,0,0,20
53000000,53989999,30.001,40.0,1499.99,0,0,20
53000000,53989999,40.001,50.0,1699.99,0,0,20
53000000,53989999,50.001,80.0,1999.99,0,0,20
53000000,53989999,80.001,100.0,2229,0,0,20
53000000,53989999,100.001,200.0,2349,0,0,20
53000000,53989999,200.001,300.0,2499.99,0,0,20
53000000,53989999,300.001,999.999,2599.99,0,0,20
53990000,53999999,0.0,1.0,249.99,0,0,20
53990000,53999999,1.001,5.0,359.98,0,0,20
53990000,53999999,5.001,10.0,499.99,0,0,20
53990000,53999999,10.001,15.0,849.99,0,0,20
53990000,53999999,15.001,20.0,949.99,0,0,20
53990000,53999999,20.001,30.0,1100,0,0,20
53990000,53999999,30.001,40.0,1499.99,0,0,20
53990000,53999999,40.001,50.0,1699.99,0,0,20
53990000,53999999,50.001,80.0,1999.99,0,0,20
53990000,53999999,80.001,100.0,2229,0,0,20
53990000,53999999,100.001,200.0,2349,0,0,20
53990000,53999999,200.001,300.0,2499.99,0,0,20
53990000,53999999,300.001,999.999,2599.99,0,0,20
54000000,54599999,0.0,1.0,249.99,0,0,20
54000000,54599999,1.001,5.0,359.98,0,0,20
54000000,54599999,5.001,10.0,499.99,0,0,20
54000000,54599999,10.001,15.0,849.99,0,0,20
54000000,54599999,15.001,20.0,949.99,0,0,20
54000000,54599999,20.001,30.0,1100,0,0,20
54000000,54599999,30.001,40.0,1499.99,0,0,20
54000000,54599999,40.001,50.0,1699.99,0,0,20
54000000,54599999,50.001,80.0,1999.99,0,0,20
54000000,54599999,80.001,100.0,2229,0,0,20
54000000,54599999,100.001,200.0,2349,0,0,20
54000000,54599999,200.001,300.0,2499.99,0,0,20
54000000,54599999,300.001,999.999,2599.99,0,0,20
54700000,54999999,0.0,1.0,249.99,0,0,20
54700000,54999999,1.001,5.0,359.98,0,0,20
54700000,54999999,5.001,10.0,499.99,0,0,20
54700000,54999999,10.001,15.0,849.99,0,0,20
54700000,54999999,15.001,20.0,949.99,0,0,20
54700000,54999999,20.001,30.0,1100,0,0,20
54700000,54999999,30.001,40.0,1499.99,0,0,20
54700000,54999999,40.001,50.0,1699.99,0,0,20
54700000,54999999,50.001,80.0,1999.99,0,0,20
54700000,54999999,80.001,100.0,2229,0,0,20
54700000,54999999,100.001,200.0,2349,0,0,20
54700000,54999999,200.001,300.0,2499.99,0,0,20
54700000,54999999,300.001,999.999,2599.99,0,0,20
55000000,55589999,0.0,1.0,249.99,0,0,20
55000000,55589999,1.001,5.0,359.98,0,0,20
55000000,55589999,5.001,10.0,499.99,0,0,20
55000000,55589999,10.001,15.0,849.99,0,0,20
55000000,55589999,15.001,20.0,949.99,0,0,20
55000000,55589999,20.001,30.0,1100,0,0,20
55000000,55589999,30.001,40.0,1499.99,0,0,20
55000000,55589999,40.001,50.0,1699.99,0,0,20
55000000,55589999,50.001,80.0,1999.99,0,0,20
55000000,55589999,80.001,100.0,2229,0,0,20
55000000,55589999,100.001,200.0,2349,0,0,20
55000000,55589999,200.001,300.0,2499.99,0,0,20
55000000,55589999,300.001,999.999,2599.99,0,0,20
55590000,55599999,0.0,1.0,249.99,0,0,20
55590000,55599999,1.001,5.0,359.98,0,0,20
55590000,55599999,5.001,10.0,499.99,0,0,20
55590000,55599999,10.001,15.0,849.99,0,0,20
55590000,55599999,15.001,20.0,949.99,0,0,20
55590000,55599999,20.001,30.0,1100,0,0,20
55590000,55599999,30.001,40.0,1499.99,0,0,20
55590000,55599999,40.001,50.0,1699.99,0,0,20
55590000,55599999,50.001,80.0,1999.99,0,0,20
55590000,55599999,80.001,100.0,2229,0,0,20
55590000,55599999,100.001,200.0,2349,0,0,20
55590000,55599999,200.001,300.0,2499.99,0,0,20
55590000,55599999,300.001,999.999,2599.99,0,0,20
55600000,56999999,0.0,1.0,249.99,0,0,20
55600000,56999999,1.001,5.0,359.98,0,0,20
55600000,56999999,5.001,10.0,499.99,0,0,20
55600000,56999999,10.001,15.0,849.99,0,0,20
55600000,56999999,15.001,20.0,949.99,0,0,20
55600000,56999999,20.001,30.0,1100,0,0,20
55600000,56999999,30.001,40.0,1499.99,0,0,20
55600000,56999999,40.001,50.0,1699.99,0,0,20
55600000,56999999,50.001,80.0,1999.99,0,0,20
55600000,56999999,80.001,100.0,2229,0,0,20
55600000,56999999,100.001,200.0,2349,0,0,20
55600000,56999999,200.001,300.0,2499.99,0,0,20
55600000,56999999,300.001,999.999,2599.99,0,0,20
57000000,57099999,0.0,1.0,249.99,0,0,20
57000000,57099999,1.001,5.0,359.98,0,0,20
57000000,57099999,5.001,10.0,499.99,0,0,20
57000000,57099999,10.001,15.0,849.99,0,0,20
57000000,57099999,15.001,20.0,949.99,0,0,20
57000000,57099999,20.001,30.0,1100,0,0,20
57000000,57099999,30.001,40.0,1499.99,0,0,20
57000000,57099999,40.001,50.0,1699.99,0,0,20
57000000,57099999,50.001,80.0,1999.99,0,0,20
57000000,57099999,80.001,100.0,2229,0,0,20
57000000,57099999,100.001,200.0,2349,0,0,20
57000000,57099999,200.001,300.0,2499.99,0,0,20
57000000,57099999,300.001,999.999,2599.99,0,0,20
57100000,57199999,0.0,1.0,249.99,0,0,20
57100000,57199999,1.001,5.0,359.98,0,0,20
57100000,57199999,5.001,10.0,499.99,0,0,20
57100000,57199999,10.001,15.0,849.99,0,0,20
57100000,57199999,15.001,20.0,949.99,0,0,20
57100000,57199999,20.001,30.0,1100,0,0,20
57100000,57199999,30.001,40.0,1499.99,0,0,20
57100000,57199999,40.001,50.0,1699.99,0,0,20
57100000,57199999,50.001,80.0,1999.99,0,0,20
57100000,57199999,80.001,100.0,2229,0,0,20
57100000,57199999,100.001,200.0,2349,0,0,20
57100000,57199999,200.001,300.0,2499.99,0,0,20
57100000,57199999,300.001,999.999,2599.99,0,0,20
57200000,57239999,0.0,1.0,249.99,0,0,20
57200000,57239999,1.001,5.0,359.98,0,0,20
57200000,57239999,5.001,10.0,499.99,0,0,20
57200000,57239999,10.001,15.0,849.99,0,0,20
57200000,57239999,15.001,20.0,949.99,0,0,20
57200000,57239999,20.001,30.0,1100,0,0,20
57200000,57239999,30.001,40.0,1499.99,0,0,20
57200000,57239999,40.001,50.0,1699.99,0,0,20
57200000,57239999,50.001,80.0,1999.99,0,0,20
57200000,57239999,80.001,100.0,2229,0,0,20
57200000,57239999,100.001,200.0,2349,0,0,20
57200000,57239999,200.001,300.0,2499.99,0,0,20
57200000,57239999,300.001,999.999,2599.99,0,0,20
57240000,57243999,0.0,1.0,249.99,0,0,20
57240000,57243999,1.001,5.0,359.98,0,0,20
57240000,57243999,5.001,10.0,499.99,0,0,20
57240000,57243999,10.001,15.0,849.99,0,0,20
57240000,57243999,15.001,20.0,949.99,0,0,20
57240000,57243999,20.001,30.0,1100,0,0,20
57240000,57243999,30.001,40.0,1499.99,0,0,20
57240000,57243999,40.001,50.0,1699.99,0,0,20
57240000,57243999,50.001,80.0,1999.99,0,0,20
57240000,57243999,80.001,100.0,2229,0,0,20
57240000,57243999,100.001,200.0,2349,0,0,20
57240000,57243999,200.001,300.0,2499.99,0,0,20
57240000,57243999,300.001,999.999,2599.99,0,0,20
57244000,57689999,0.0,1.0,249.99,0,0,20
57244000,57689999,1.001,5.0,359.98,0,0,20
57244000,57689999,5.001,10.0,499.99,0,0,20
57244000,57689999,10.001,15.0,849.99,0,0,20
57244000,57689999,15.001,20.0,949.99,0,0,20
57244000,57689999,20.001,30.0,1100,0,0,20
57244000,57689999,30.001,40.0,1499.99,0,0,20
57244000,57689999,40.001,50.0,1699.99,0,0,20
57244000,57689999,50.001,80.0,1999.99,0,0,20
57244000,57689999,80.001,100.0,2229,0,0,20
57244000,57689999,100.001,200.0,2349,0,0,20
57244000,57689999,200.001,300.0,2499.99,0,0,20
57244000,57689999,300.001,999.999,2599.99,0,0,20
57690000,57699999,0.0,1.0,249.99,0,0,20
57690000,57699999,1.001,5.0,359.98,0,0,20
57690000,57699999,5.001,10.0,499.99,0,0,20
57690000,57699999,10.001,15.0,849.99,0,0,20
57690000,57699999,15.001,20.0,949.99,0,0,20
57690000,57699999,20.001,30.0,1100,0,0,20
57690000,57699999,30.001,40.0,1499.99,0,0,20
57690000,57699999,40.001,50.0,1699.99,0,0,20
57690000,57699999,50.001,80.0,1999.99,0,0,20
57690000,57699999,80.001,100.0,2229,0,0,20
57690000,57699999,100.001,200.0,2349,0,0,20
57690000,57699999,200.001,300.0,2499.99,0,0,20
57690000,57699999,300.001,999.999,2599.99,0,0,20
57700000,57819999,0.0,1.0,249.99,0,0,20
57700000,57819999,1.001,5.0,359.98,0,0,20
57700000,57819999,5.001,10.0,499.99,0,0,20
57700000,57819999,10.001,15.0,849.99,0,0,20
57700000,57819999,15.001,20.0,949.99,0,0,20
57700000,57819999,20.001,30.0,1100,0,0,20
57700000,57819999,30.001,40.0,1499.99,0,0,20
57700000,57819999,40.001,50.0,1699.99,0,0,20
57700000,57819999,50.001,80.0,1999.99,0,0,20
57700000,57819999,80.001,100.0,2229,0,0,20
57700000,57819999,100.001,200.0,2349,0,0,20
57700000,57819999,200.001,300.0,2499.99,0,0,20
57700000,57819999,300.001,999.999,2599.99,0,0,20
57820000,57829999,0.0,1.0,249.99,0,0,20
57820000,57829999,1.001,5.0,359.98,0,0,20
57820000,57829999,5.001,10.0,499.99,0,0,20
57820000,57829999,10.001,15.0,849.99,0,0,20
57820000,57829999,15.001,20.0,949.99,0,0,20
57820000,57829999,20.001,30.0,1100,0,0,20
57820000,57829999,30.001,40.0,1499.99,0,0,20
57820000,57829999,40.001,50.0,1699.99,0,0,20
57820000,57829999,50.001,80.0,1999.99,0,0,20
57820000,57829999,80.001,100.0,2229,0,0,20
57820000,57829999,100.001,200.0,2349,0,0,20
57820000,57829999,200.001,300.0,2499.99,0,0,20
57820000,57829999,300.001,999.999,2599.99,0,0,20
57830000,57924999,0.0,1.0,249.99,0,0,20
57830000,57924999,1.001,5.0,359.98,0,0,20
57830000,57924999,5.001,10.0,499.99,0,0,20
57830000,57924999,10.001,15.0,849.99,0,0,20
57830000,57924999,15.001,20.0,949.99,0,0,20
57830000,57924999,20.001,30.0,1100,0,0,20
57830000,57924999,30.001,40.0,1499.99,0,0,20
57830000,57924999,40.001,50.0,1699.99,0,0,20
57830000,57924999,50.001,80.0,1999.99,0,0,20
57830000,57924999,80.001,100.0,2229,0,0,20
57830000,57924999,100.001,200.0,2349,0,0,20
57830000,57924999,200.001,300.0,2499.99,0,0,20
57830000,57924999,300.001,999.999,2599.99,0,0,20
57925000,57929999,0.0,1.0,249.99,0,0,20
57925000,57929999,1.001,5.0,359.98,0,0,20
57925000,57929999,5.001,10.0,499.99,0,0,20
57925000,57929999,10.001,15.0,849.99,0,0,20
57925000,57929999,15.001,20.0,949.99,0,0,20
57925000,57929999,20.001,30.0,1100,0,0,20
57925000,57929999,30.001,40.0,1499.99,0,0,20
57925000,57929999,40.001,50.0,1699.99,0,0,20
57925000,57929999,50.001,80.0,1999.99,0,0,20
57925000,57929999,80.001,100.0,2229,0,0,20
57925000,57929999,100.001,200.0,2349,0,0,20
57925000,57929999,200.001,300.0,2499.99,0,0,20
57925000,57929999,300.001,999.999,2599.99,0,0,20
57930000,57934999,0.0,1.0,249.99,0,0,20
57930000,57934999,1.001,5.0,359.98,0,0,20
57930000,57934999,5.001,10.0,499.99,0,0,20
57930000,57934999,10.001,15.0,849.99,0,0,20
57930000,57934999,15.001,20.0,949.99,0,0,20
57930000,57934999,20.001,30.0,1100,0,0,20
57930000,57934999,30.001,40.0,1499.99,0,0,20
57930000,57934999,40.001,50.0,1699.99,0,0,20
57930000,57934999,50.001,80.0,1999.99,0,0,20
57930000,57934999,80.001,100.0,2229,0,0,20
57930000,57934999,100.001,200.0,2349,0,0,20
57930000,57934999,200.001,300.0,2499.99,0,0,20
57930000,57934999,300.001,999.999,2599.99,0,0,20
57935000,57939999,0.0,1.0,249.99,0,0,20
57935000,57939999,1.001,5.0,359.98,0,0,20
57935000,57939999,5.001,10.0,499.99,0,0,20
57935000,57939999,10.001,15.0,849.99,0,0,20
57935000,57939999,15.001,20.0,949.99,0,0,20
57935000,57939999,20.001,30.0,1100,0,0,20
57935000,57939999,30.001,40.0,1499.99,0,0,20
57935000,57939999,40.001,50.0,1699.99,0,0,20
57935000,57939999,50.001,80.0,1999.99,0,0,20
57935000,57939999,80.001,100.0,2229,0,0,20
57935000,57939999,100.001,200.0,2349,0,0,20
57935000,57939999,200.001,300.0,2499.99,0,0,20
57935000,57939999,300.001,999.999,2599.99,0,0,20
57940000,57989999,0.0,1.0,249.99,0,0,20
57940000,57989999,1.001,5.0,359.98,0,0,20
57940000,57989999,5.001,10.0,499.99,0,0,20
57940000,57989999,10.001,15.0,849.99,0,0,20
57940000,57989999,15.001,20.0,949.99,0,0,20
57940000,57989999,20.001,30.0,1100,0,0,20
57940000,57989999,30.001,40.0,1499.99,0,0,20
57940000,57989999,40.001,50.0,1699.99,0,0,20
57940000,57989999,50.001,80.0,1999.99,0,0,20
57940000,57989999,80.001,100.0,2229,0,0,20
57940000,57989999,100.001,200.0,2349,0,0,20
57940000,57989999,200.001,300.0,2499.99,0,0,20
57940000,57989999,300.001,999.999,2599.99,0,0,20
57990000,57994999,0.0,1.0,249.99,0,0,20
57990000,57994999,1.001,5.0,359.98,0,0,20
57990000,57994999,5.001,10.0,499.99,0,0,20
57990000,57994999,10.001,15.0,849.99,0,0,20
57990000,57994999,15.001,20.0,949.99,0,0,20
57990000,57994999,20.001,30.0,1100,0,0,20
57990000,57994999,30.001,40.0,1499.99,0,0,20
57990000,57994999,40.001,50.0,1699.99,0,0,20
57990000,57994999,50.001,80.0,1999.99,0,0,20
57990000,57994999,80.001,100.0,2229,0,0,20
57990000,57994999,100.001,200.0,2349,0,0,20
57990000,57994999,200.001,300.0,2499.99,0,0,20
57990000,57994999,300.001,999.999,2599.99,0,0,20
57995000,57999999,0.0,1.0,249.99,0,0,20
57995000,57999999,1.001,5.0,359.98,0,0,20
57995000,57999999,5.001,10.0,499.99,0,0,20
57995000,57999999,10.001,15.0,849.99,0,0,20
57995000,57999999,15.001,20.0,949.99,0,0,20
57995000,57999999,20.001,30.0,1100,0,0,20
57995000,57999999,30.001,40.0,1499.99,0,0,20
57995000,57999999,40.001,50.0,1699.99,0,0,20
57995000,57999999,50.001,80.0,1999.99,0,0,20
57995000,57999999,80.001,100.0,2229,0,0,20
57995000,57999999,100.001,200.0,2349,0,0,20
57995000,57999999,200.001,300.0,2499.99,0,0,20
57995000,57999999,300.001,999.999,2599.99,0,0,20
58000000,58099999,0.0,1.0,249.99,0,0,20
58000000,58099999,1.001,5.0,359.98,0,0,20
58000000,58099999,5.001,10.0,499.99,0,0,20
58000000,58099999,10.001,15.0,849.99,0,0,20
58000000,58099999,15.001,20.0,949.99,0,0,20
58000000,58099999,20.001,30.0,1100,0,0,20
58000000,58099999,30.001,40.0,1499.99,0,0,20
58000000,58099999,40.001,50.0,1699.99,0,0,20
58000000,58099999,50.001,80.0,1999.99,0,0,20
58000000,58099999,80.001,100.0,2229,0,0,20
58000000,58099999,100.001,200.0,2349,0,0,20
58000000,58099999,200.001,300.0,2499.99,0,0,20
58000000,58099999,300.001,999.999,2599.99,0,0,20
58100000,58109999,0.0,1.0,249.99,0,0,20
58100000,58109999,1.001,5.0,359.98,0,0,20
58100000,58109999,5.001,10.0,499.99,0,0,20
58100000,58109999,10.001,15.0,849.99,0,0,20
58100000,58109999,15.001,20.0,949.99,0,0,20
58100000,58109999,20.001,30.0,1100,0,0,20
58100000,58109999,30.001,40.0,1499.99,0,0,20
58100000,58109999,40.001,50.0,1699.99,0,0,20
58100000,58109999,50.001,80.0,1999.99,0,0,20
58100000,58109999,80.001,100.0,2229,0,0,20
58100000,58109999,100.001,200.0,2349,0,0,20
58100000,58109999,200.001,300.0,2499.99,0,0,20
58100000,58109999,300.001,999.999,2599.99,0,0,20
58115000,58296999,0.0,1.0,249.99,0,0,20
58115000,58296999,1.001,5.0,359.98,0,0,20
58115000,58296999,5.001,10.0,499.99,0,0,20
58115000,58296999,10.001,15.0,849.99,0,0,20
58115000,58296999,15.001,20.0,949.99,0,0,20
58115000,58296999,20.001,30.0,1100,0,0,20
58115000,58296999,30.001,40.0,1499.99,0,0,20
58115000,58296999,40.001,50.0,1699.99,0,0,20
58115000,58296999,50.001,80.0,1999.99,0,0,20
58115000,58296999,80.001,100.0,2229,0,0,20
58115000,58296999,100.001,200.0,2349,0,0,20
58115000,58296999,200.001,300.0,2499.99,0,0,20
58115000,58296999,300.001,999.999,2599.99,0,0,20
58297000,58309999,0.0,1.0,249.99,0,0,20
58297000,58309999,1.001,5.0,359.98,0,0,20
58297000,58309999,5.001,10.0,499.99,0,0,20
58297000,58309999,10.001,15.0,849.99,0,0,20
58297000,58309999,15.001,20.0,949.99,0,0,20
58297000,58309999,20.001,30.0,1100,0,0,20
58297000,58309999,30.001,40.0,1499.99,0,0,20
58297000,58309999,40.001,50.0,1699.99,0,0,20
58297000,58309999,50.001,80.0,1999.99,0,0,20
58297000,58309999,80.001,100.0,2229,0,0,20
58297000,58309999,100.001,200.0,2349,0,0,20
58297000,58309999,200.001,300.0,2499.99,0,0,20
58297000,58309999,300.001,999.999,2599.99,0,0,20
58315000,58329999,0.0,1.0,249.99,0,0,20
58315000,58329999,1.001,5.0,359.98,0,0,20
58315000,58329999,5.001,10.0,499.99,0,0,20
58315000,58329999,10.001,15.0,849.99,0,0,20
58315000,58329999,15.001,20.0,949.99,0,0,20
58315000,58329999,20.001,30.0,1100,0,0,20
58315000,58329999,30.001,40.0,1499.99,0,0,20
58315000,58329999,40.001,50.0,1699.99,0,0,20
58315000,58329999,50.001,80.0,1999.99,0,0,20
58315000,58329999,80.001,100.0,2229,0,0,20
58315000,58329999,100.001,200.0,2349,0,0,20
58315000,58329999,200.001,300.0,2499.99,0,0,20
58315000,58329999,300.001,999.999,2599.99,0,0,20
58330000,58336999,0.0,1.0,249.99,0,0,20
58330000,58336999,1.001,5.0,359.98,0,0,20
58330000,58336999,5.001,10.0,499.99,0,0,20
58330000,58336999,10.001,15.0,849.99,0,0,20
58330000,58336999,15.001,20.0,949.99,0,0,20
58330000,58336999,20.001,30.0,1100,0,0,20
58330000,58336999,30.001,40.0,1499.99,0,0,20
58330000,58336999,40.001,50.0,1699.99,0,0,20
58330000,58336999,50.001,80.0,1999.99,0,0,20
58330000,58336999,80.001,100.0,2229,0,0,20
58330000,58336999,100.001,200.0,2349,0,0,20
58330000,58336999,200.001,300.0,2499.99,0,0,20
58330000,58336999,300.001,999.999,2599.99,0,0,20
58337000,58337999,0.0,1.0,249.99,0,0,20
58337000,58337999,1.001,5.0,359.98,0,0,20
58337000,58337999,5.001,10.0,499.99,0,0,20
58337000,58337999,10.001,15.0,849.99,0,0,20
58337000,58337999,15.001,20.0,949.99,0,0,20
58337000,58337999,20.001,30.0,1100,0,0,20
58337000,58337999,30.001,40.0,1499.99,0,0,20
58337000,58337999,40.001,50.0,1699.99,0,0,20
58337000,58337999,50.001,80.0,1999.99,0,0,20
58337000,58337999,80.001,100.0,2229,0,0,20
58337000,58337999,100.001,200.0,2349,0,0,20
58337000,58337999,200.001,300.0,2499.99,0,0,20
58337000,58337999,300.001,999.999,2599.99,0,0,20
58338000,58373999,0.0,1.0,249.99,0,0,20
58338000,58373999,1.001,5.0,359.98,0,0,20
58338000,58373999,5.001,10.0,499.99,0,0,20
58338000,58373999,10.001,15.0,849.99,0,0,20
58338000,58373999,15.001,20.0,949.99,0,0,20
58338000,58373999,20.001,30.0,1100,0,0,20
58338000,58373999,30.001,40.0,1499.99,0,0,20
58338000,58373999,40.001,50.0,1699.99,0,0,20
58338000,58373999,50.001,80.0,1999.99,0,0,20
58338000,58373999,80.001,100.0,2229,0,0,20
58338000,58373999,100.001,200.0,2349,0,0,20
58338000,58373999,200.001,300.0,2499.99,0,0,20
58338000,58373999,300.001,999.999,2599.99,0,0,20
58375000,58995999,0.0,1.0,249.99,0,0,20
58375000,58995999,1.001,5.0,359.98,0,0,20
58375000,58995999,5.001,10.0,499.99,0,0,20
58375000,58995999,10.001,15.0,849.99,0,0,20
58375000,58995999,15.001,20.0,949.99,0,0,20
58375000,58995999,20.001,30.0,1100,0,0,20
58375000,58995999,30.001,40.0,1499.99,0,0,20
58375000,58995999,40.001,50.0,1699.99,0,0,20
58375000,58995999,50.001,80.0,1999.99,0,0,20
58375000,58995999,80.001,100.0,2229,0,0,20
58375000,58995999,100.001,200.0,2349,0,0,20
58375000,58995999,200.001,300.0,2499.99,0,0,20
58375000,58995999,300.001,999.999,2599.99,0,0,20
59000000,59139999,0.0,1.0,249.99,0,0,21
59000000,59139999,1.001,5.0,359.98,0,0,21
59000000,59139999,5.001,10.0,499.99,0,0,21
59000000,59139999,10.001,15.0,849.99,0,0,21
59000000,59139999,15.001,20.0,949.99,0,0,21
59000000,59139999,20.001,30.0,1100,0,0,21
59000000,59139999,30.001,40.0,1499.99,0,0,21
59000000,59139999,40.001,50.0,1699.99,0,0,21
59000000,59139999,50.001,80.0,1999.99,0,0,21
59000000,59139999,80.001,100.0,2229,0,0,21
59000000,59139999,100.001,200.0,2349,0,0,21
59000000,59139999,200.001,300.0,2499.99,0,0,21
59000000,59139999,300.001,999.999,2599.99,0,0,21
59140000,59167999,0.0,1.0,249.99,0,0,21
59140000,59167999,1.001,5.0,359.98,0,0,21
59140000,59167999,5.001,10.0,499.99,0,0,21
59140000,59167999,10.001,15.0,849.99,0,0,21
59140000,59167999,15.001,20.0,949.99,0,0,21
59140000,59167999,20.001,30.0,1100,0,0,21
59140000,59167999,30.001,40.0,1499.99,0,0,21
59140000,59167999,40.001,50.0,1699.99,0,0,21
59140000,59167999,50.001,80.0,1999.99,0,0,21
59140000,59167999,80.001,100.0,2229,0,0,21
59140000,59167999,100.001,200.0,2349,0,0,21
59140000,59167999,200.001,300.0,2499.99,0,0,21
59140000,59167999,300.001,999.999,2599.99,0,0,21
59168000,59169999,0.0,1.0,249.99,0,0,21
59168000,59169999,1.001,5.0,359.98,0,0,21
59168000,59169999,5.001,10.0,499.99,0,0,21
59168000,59169999,10.001,15.0,849.99,0,0,21
59168000,59169999,15.001,20.0,949.99,0,0,21
59168000,59169999,20.001,30.0,1100,0,0,21
59168000,59169999,30.001,40.0,1499.99,0,0,21
59168000,59169999,40.001,50.0,1699.99,0,0,21
59168000,59169999,50.001,80.0,1999.99,0,0,21
59168000,59169999,80.001,100.0,2229,0,0,21
59168000,59169999,100.001,200.0,2349,0,0,21
59168000,59169999,200.001,300.0,2499.99,0,0,21
59168000,59169999,300.001,999.999,2599.99,0,0,21
59170000,59177999,0.0,1.0,249.99,0,0,21
59170000,59177999,1.001,5.0,359.98,0,0,21
59170000,59177999,5.001,10.0,499.99,0,0,21
59170000,59177999,10.001,15.0,849.99,0,0,21
59170000,59177999,15.001,20.0,949.99,0,0,21
59170000,59177999,20.001,30.0,1100,0,0,21
59170000,59177999,30.001,40.0,1499.99,0,0,21
59170000,59177999,40.001,50.0,1699.99,0,0,21
59170000,59177999,50.001,80.0,1999.99,0,0,21
59170000,59177999,80.001,100.0,2229,0,0,21
59170000,59177999,100.001,200.0,2349,0,0,21
59170000,59177999,200.001,300.0,2499.99,0,0,21
59170000,59177999,300.001,999.999,2599.99,0,0,21
59178000,59181999,0.0,1.0,249.99,0,0,21
59178000,59181999,1.001,5.0,359.98,0,0,21
59178000,59181999,5.001,10.0,499.99,0,0,21
59178000,59181999,10.001,15.0,849.99,0,0,21
59178000,59181999,15.001,20.0,949.99,0,0,21
59178000,59181999,20.001,30.0,1100,0,0,21
59178000,59181999,30.001,40.0,1499.99,0,0,21
59178000,59181999,40.001,50.0,1699.99,0,0,21
59178000,59181999,50.001,80.0,1999.99,0,0,21
59178000,59181999,80.001,100.0,2229,0,0,21
59178000,59181999,100.001,200.0,2349,0,0,21
59178000,59181999,200.001,300.0,2499.99,0,0,21
59178000,59181999,300.001,999.999,2599.99,0,0,21
59182000,59184999,0.0,1.0,249.99,0,0,21
59182000,59184999,1.001,5.0,359.98,0,0,21
59182000,59184999,5.001,10.0,499.99,0,0,21
59182000,59184999,10.001,15.0,849.99,0,0,21
59182000,59184999,15.001,20.0,949.99,0,0,21
59182000,59184999,20.001,30.0,1100,0,0,21
59182000,59184999,30.001,40.0,1499.99,0,0,21
59182000,59184999,40.001,50.0,1699.99,0,0,21
59182000,59184999,50.001,80.0,1999.99,0,0,21
59182000,59184999,80.001,100.0,2229,0,0,21
59182000,59184999,100.001,200.0,2349,0,0,21
59182000,59184999,200.001,300.0,2499.99,0,0,21
59182000,59184999,300.001,999.999,2599.99,0,0,21
59185000,59186999,0.0,1.0,249.99,0,0,21
59185000,59186999,1.001,5.0,359.98,0,0,21
59185000,59186999,5.001,10.0,499.99,0,0,21
59185000,59186999,10.001,15.0,849.99,0,0,21
59185000,59186999,15.001,20.0,949.99,0,0,21
59185000,59186999,20.001,30.0,1100,0,0,21
59185000,59186999,30.001,40.0,1499.99,0,0,21
59185000,59186999,40.001,50.0,1699.99,0,0,21
59185000,59186999,50.001,80.0,1999.99,0,0,21
59185000,59186999,80.001,100.0,2229,0,0,21
59185000,59186999,100.001,200.0,2349,0,0,21
59185000,59186999,200.001,300.0,2499.99,0,0,21
59185000,59186999,300.001,999.999,2599.99,0,0,21
59188000,59279999,0.0,1.0,249.99,0,0,21
59188000,59279999,1.001,5.0,359.98,0,0,21
59188000,59279999,5.001,10.0,499.99,0,0,21
59188000,59279999,10.001,15.0,849.99,0,0,21
59188000,59279999,15.001,20.0,949.99,0,0,21
59188000,59279999,20.001,30.0,1100,0,0,21
59188000,59279999,30.001,40.0,1499.99,0,0,21
59188000,59279999,40.001,50.0,1699.99,0,0,21
59188000,59279999,50.001,80.0,1999.99,0,0,21
59188000,59279999,80.001,100.0,2229,0,0,21
59188000,59279999,100.001,200.0,2349,0,0,21
59188000,59279999,200.001,300.0,2499.99,0,0,21
59188000,59279999,300.001,999.999,2599.99,0,0,21
59280000,59299999,0.0,1.0,249.99,0,0,21
59280000,59299999,1.001,5.0,359.98,0,0,21
59280000,59299999,5.001,10.0,499.99,0,0,21
59280000,59299999,10.001,15.0,849.99,0,0,21
59280000,59299999,15.001,20.0,949.99,0,0,21
59280000,59299999,20.001,30.0,1100,0,0,21
59280000,59299999,30.001,40.0,1499.99,0,0,21
59280000,59299999,40.001,50.0,1699.99,0,0,21
59280000,59299999,50.001,80.0,1999.99,0,0,21
59280000,59299999,80.001,100.0,2229,0,0,21
59280000,59299999,100.001,200.0,2349,0,0,21
59280000,59299999,200.001,300.0,2499.99,0,0,21
59280000,59299999,300.001,999.999,2599.99,0,0,21
59300000,59489999,0.0,1.0,249.99,0,0,21
59300000,59489999,1.001,5.0,359.98,0,0,21
59300000,59489999,5.001,10.0,499.99,0,0,21
59300000,59489999,10.001,15.0,849.99,0,0,21
59300000,59489999,15.001,20.0,949.99,0,0,21
59300000,59489999,20.001,30.0,1100,0,0,21
59300000,59489999,30.001,40.0,1499.99,0,0,21
59300000,59489999,40.001,50.0,1699.99,0,0,21
59300000,59489999,50.001,80.0,1999.99,0,0,21
59300000,59489999,80.001,100.0,2229,0,0,21
59300000,59489999,100.001,200.0,2349,0,0,21
59300000,59489999,200.001,300.0,2499.99,0,0,21
59300000,59489999,300.001,999.999,2599.99,0,0,21
59490000,59499999,0.0,1.0,249.99,0,0,21
59490000,59499999,1.001,5.0,359.98,0,0,21
59490000,59499999,5.001,10.0,499.99,0,0,21
59490000,59499999,10.001,15.0,849.99,0,0,21
59490000,59499999,15.001,20.0,949.99,0,0,21
59490000,59499999,20.001,30.0,1100,0,0,21
59490000,59499999,30.001,40.0,1499.99,0,0,21
59490000,59499999,40.001,50.0,1699.99,0,0,21
59490000,59499999,50.001,80.0,1999.99,0,0,21
59490000,59499999,80.001,100.0,2229,0,0,21
59490000,59499999,100.001,200.0,2349,0,0,21
59490000,59499999,200.001,300.0,2499.99,0,0,21
59490000,59499999,300.001,999.999,2599.99,0,0,21
59500000,59569999,0.0,1.0,249.99,0,0,21
59500000,59569999,1.001,5.0,359.98,0,0,21
59500000,59569999,5.001,10.0,499.99,0,0,21
59500000,59569999,10.001,15.0,849.99,0,0,21
59500000,59569999,15.001,20.0,949.99,0,0,21
59500000,59569999,20.001,30.0,1100,0,0,21
59500000,59569999,30.001,40.0,1499.99,0,0,21
59500000,59569999,40.001,50.0,1699.99,0,0,21
59500000,59569999,50.001,80.0,1999.99,0,0,21
59500000,59569999,80.001,100.0,2229,0,0,21
59500000,59569999,100.001,200.0,2349,0,0,21
59500000,59569999,200.001,300.0,2499.99,0,0,21
59500000,59569999,300.001,999.999,2599.99,0,0,21
59570000,59577999,0.0,1.0,249.99,0,0,21
59570000,59577999,1.001,5.0,359.98,0,0,21
59570000,59577999,5.001,10.0,499.99,0,0,21
59570000,59577999,10.001,15.0,849.99,0,0,21
59570000,59577999,15.001,20.0,949.99,0,0,21
59570000,59577999,20.001,30.0,1100,0,0,21
59570000,59577999,30.001,40.0,1499.99,0,0,21
59570000,59577999,40.001,50.0,1699.99,0,0,21
59570000,59577999,50.001,80.0,1999.99,0,0,21
59570000,59577999,80.001,100.0,2229,0,0,21
59570000,59577999,100.001,200.0,2349,0,0,21
59570000,59577999,200.001,300.0,2499.99,0,0,21
59570000,59577999,300.001,999.999,2599.99,0,0,21
59578000,59579999,0.0,1.0,249.99,0,0,21
59578000,59579999,1.001,5.0,359.98,0,0,21
59578000,59579999,5.001,10.0,499.99,0,0,21
59578000,59579999,10.001,15.0,849.99,0,0,21
59578000,59579999,15.001,20.0,949.99,0,0,21
59578000,59579999,20.001,30.0,1100,0,0,21
59578000,59579999,30.001,40.0,1499.99,0,0,21
59578000,59579999,40.001,50.0,1699.99,0,0,21
59578000,59579999,50.001,80.0,1999.99,0,0,21
59578000,59579999,80.001,100.0,2229,0,0,21
59578000,59579999,100.001,200.0,2349,0,0,21
59578000,59579999,200.001,300.0,2499.99,0,0,21
59578000,59579999,300.001,999.999,2599.99,0,0,21
59580000,59581999,0.0,1.0,249.99,0,0,21
59580000,59581999,1.001,5.0,359.98,0,0,21
59580000,59581999,5.001,10.0,499.99,0,0,21
59580000,59581999,10.001,15.0,849.99,0,0,21
59580000,59581999,15.001,20.0,949.99,0,0,21
59580000,59581999,20.001,30.0,1100,0,0,21
59580000,59581999,30.001,40.0,1499.99,0,0,21
59580000,59581999,40.001,50.0,1699.99,0,0,21
59580000,59581999,50.001,80.0,1999.99,0,0,21
59580000,59581999,80.001,100.0,2229,0,0,21
59580000,59581999,100.001,200.0,2349,0,0,21
59580000,59581999,200.001,300.0,2499.99,0,0,21
59580000,59581999,300.001,999.999,2599.99,0,0,21
59582000,59999999,0.0,1.0,249.99,0,0,21
59582000,59999999,1.001,5.0,359.98,0,0,21
59582000,59999999,5.001,10.0,499.99,0,0,21
59582000,59999999,10.001,15.0,849.99,0,0,21
59582000,59999999,15.001,20.0,949.99,0,0,21
59582000,59999999,20.001,30.0,1100,0,0,21
59582000,59999999,30.001,40.0,1499.99,0,0,21
59582000,59999999,40.001,50.0,1699.99,0,0,21
59582000,59999999,40.001,80.0,1999.99,0,0,21
59582000,59999999,80.001,100.0,2229,0,0,21
59582000,59999999,100.001,200.0,2349,0,0,21
59582000,59999999,200.001,300.0,2499.99,0,0,21
59582000,59999999,300.001,999.999,2599.99,0,0,21
60000000,61599999,0.0,1.0,249.99,0,0,22
60000000,61599999,1.001,5.0,359.98,0,0,22
60000000,61599999,5.001,10.0,499.99,0,0,22
60000000,61599999,10.001,15.0,849.99,0,0,22
60000000,61599999,15.001,20.0,949.99,0,0,22
60000000,61599999,20.001,30.0,1100,0,0,22
60000000,61599999,30.001,40.0,1499.99,0,0,22
60000000,61599999,40.001,50.0,1699.99,0,0,22
60000000,61599999,50.001,80.0,1999.99,0,0,22
60000000,61599999,80.001,100.0,2229,0,0,22
60000000,61599999,100.001,200.0,2349,0,0,22
60000000,61599999,200.001,300.0,2499.99,0,0,22
60000000,61599999,300.001,999.999,2599.99,0,0,22
61600000,61939999,0.0,1.0,249.99,0,0,22
61600000,61939999,1.001,5.0,359.98,0,0,22
61600000,61939999,5.001,10.0,499.99,0,0,22
61600000,61939999,10.001,15.0,849.99,0,0,22
61600000,61939999,15.001,20.0,949.99,0,0,22
61600000,61939999,20.001,30.0,1100,0,0,22
61600000,61939999,30.001,40.0,1499.99,0,0,22
61600000,61939999,40.001,50.0,1699.99,0,0,22
61600000,61939999,50.001,80.0,1999.99,0,0,22
61600000,61939999,80.001,100.0,2229,0,0,22
61600000,61939999,100.001,200.0,2349,0,0,22
61600000,61939999,200.001,300.0,2499.99,0,0,22
61600000,61939999,300.001,999.999,2599.99,0,0,22
61940000,62664999,0.0,1.0,249.99,0,0,22
61940000,62664999,1.001,5.0,359.98,0,0,22
61940000,62664999,5.001,10.0,499.99,0,0,22
61940000,62664999,10.001,15.0,849.99,0,0,22
61940000,62664999,15.001,20.0,949.99,0,0,22
61940000,62664999,20.001,30.0,1100,0,0,22
61940000,62664999,30.001,40.0,1499.99,0,0,22
61940000,62664999,40.001,50.0,1699.99,0,0,22
61940000,62664999,50.001,80.0,1999.99,0,0,22
61940000,62664999,80.001,100.0,2229,0,0,22
61940000,62664999,100.001,200.0,2349,0,0,22
61940000,62664999,200.001,300.0,2499.99,0,0,22
61940000,62664999,300.001,999.999,2599.99,0,0,22
62665000,62699999,0.0,1.0,249.99,0,0,22
62665000,62699999,1.001,5.0,359.98,0,0,22
62665000,62699999,5.001,10.0,499.99,0,0,22
62665000,62699999,10.001,15.0,849.99,0,0,22
62665000,62699999,15.001,20.0,949.99,0,0,22
62665000,62699999,20.001,30.0,1100,0,0,22
62665000,62699999,30.001,40.0,1499.99,0,0,22
62665000,62699999,40.001,50.0,1699.99,0,0,22
62665000,62699999,50.001,80.0,1999.99,0,0,22
62665000,62699999,80.001,100.0,2229,0,0,22
62665000,62699999,100.001,200.0,2349,0,0,22
62665000,62699999,200.001,300.0,2499.99,0,0,22
62665000,62699999,300.001,999.999,2599.99,0,0,22
62700000,62849999,0.0,1.0,249.99,0,0,22
62700000,62849999,1.001,5.0,359.98,0,0,22
62700000,62849999,5.001,10.0,499.99,0,0,22
62700000,62849999,10.001,15.0,849.99,0,0,22
62700000,62849999,15.001,20.0,949.99,0,0,22
62700000,62849999,20.001,30.0,1100,0,0,22
62700000,62849999,30.001,40.0,1499.99,0,0,22
62700000,62849999,40.001,50.0,1699.99,0,0,22
62700000,62849999,50.001,80.0,1999.99,0,0,22
62700000,62849999,80.001,100.0,2229,0,0,22
62700000,62849999,100.001,200.0,2349,0,0,22
62700000,62849999,200.001,300.0,2499.99,0,0,22
62700000,62849999,300.001,999.999,2599.99,0,0,22
62850000,62899999,0.0,1.0,249.99,0,0,22
62850000,62899999,1.001,5.0,359.98,0,0,22
62850000,62899999,5.001,10.0,499.99,0,0,22
62850000,62899999,10.001,15.0,849.99,0,0,22
62850000,62899999,15.001,20.0,949.99,0,0,22
62850000,62899999,20.001,30.0,1100,0,0,22
62850000,62899999,30.001,40.0,1499.99,0,0,22
62850000,62899999,40.001,50.0,1699.99,0,0,22
62850000,62899999,50.001,80.0,1999.99,0,0,22
62850000,62899999,80.001,100.0,2229,0,0,22
62850000,62899999,100.001,200.0,2349,0,0,22
62850000,62899999,200.001,300.0,2499.99,0,0,22
62850000,62899999,300.001,999.999,2599.99,0,0,22
62900000,63999999,0.0,1.0,249.99,0,0,22
62900000,63999999,1.001,5.0,359.98,0,0,22
62900000,63999999,5.001,10.0,499.99,0,0,22
62900000,63999999,10.001,15.0,849.99,0,0,22
62900000,63999999,15.001,20.0,949.99,0,0,22
62900000,63999999,20.001,30.0,1100,0,0,22
62900000,63999999,30.001,40.0,1499.99,0,0,22
62900000,63999999,40.001,50.0,1699.99,0,0,22
62900000,63999999,50.001,80.0,1999.99,0,0,22
62900000,63999999,80.001,100.0,2229,0,0,22
62900000,63999999,100.001,200.0,2349,0,0,22
62900000,63999999,200.001,300.0,2499.99,0,0,22
62900000,63999999,300.001,999.999,2599.99,0,0,22
64000000,64099999,0.0,1.0,249.99,0,0,24
64000000,64099999,1.001,5.0,359.98,0,0,24
64000000,64099999,5.001,10.0,499.99,0,0,24
64000000,64099999,10.001,15.0,849.99,0,0,24
64000000,64099999,15.001,20.0,949.99,0,0,24
64000000,64099999,20.001,30.0,1100,0,0,24
64000000,64099999,30.001,40.0,1499.99,0,0,24
64000000,64099999,40.001,50.0,1699.99,0,0,24
64000000,64099999,50.001,80.0,1999.99,0,0,24
64000000,64099999,80.001,100.0,2229,0,0,24
64000000,64099999,100.001,200.0,2349,0,0,24
64000000,64099999,200.001,300.0,2499.99,0,0,24
64000000,64099999,300.001,999.999,2599.99,0,0,24
64100000,64124999,0.0,1.0,249.99,0,0,24
64100000,64124999,1.001,5.0,359.98,0,0,24
64100000,64124999,5.001,10.0,499.99,0,0,24
64100000,64124999,10.001,15.0,849.99,0,0,24
64100000,64124999,15.001,20.0,949.99,0,0,24
64100000,64124999,20.001,30.0,1100,0,0,24
64100000,64124999,30.001,40.0,1499.99,0,0,24
64100000,64124999,40.001,50.0,1699.99,0,0,24
64100000,64124999,50.001,80.0,1999.99,0,0,24
64100000,64124999,80.001,100.0,2229,0,0,24
64100000,64124999,100.001,200.0,2349,0,0,24
64100000,64124999,200.001,300.0,2499.99,0,0,24
64100000,64124999,300.001,999.999,2599.99,0,0,24
64130000,64999999,0.0,1.0,249.99,0,0,24
64130000,64999999,1.001,5.0,359.98,0,0,24
64130000,64999999,5.001,10.0,499.99,0,0,24
64130000,64999999,10.001,15.0,849.99,0,0,24
64130000,64999999,15.001,20.0,949.99,0,0,24
64130000,64999999,20.001,30.0,1100,0,0,24
64130000,64999999,30.001,40.0,1499.99,0,0,24
64130000,64999999,40.001,50.0,1699.99,0,0,24
64130000,64999999,50.001,80.0,1999.99,0,0,24
64130000,64999999,80.001,100.0,2229,0,0,24
64130000,64999999,100.001,200.0,2349,0,0,24
64130000,64999999,200.001,300.0,2499.99,0,0,24
64130000,64999999,300.001,999.999,2599.99,0,0,24
65000000,65109999,0.0,1.0,249.99,0,0,29
65000000,65109999,1.001,5.0,359.98,0,0,29
65000000,65109999,5.001,10.0,499.99,0,0,29
65000000,65109999,10.001,15.0,849.99,0,0,29
65000000,65109999,15.001,20.0,949.99,0,0,29
65000000,65109999,20.001,30.0,1100,0,0,29
65000000,65109999,30.001,40.0,1499.99,0,0,29
65000000,65109999,40.001,50.0,1699.99,0,0,29
65000000,65109999,50.001,80.0,1999.99,0,0,29
65000000,65109999,80.001,100.0,2229,0,0,29
65000000,65109999,100.001,200.0,2349,0,0,29
65000000,65109999,200.001,300.0,2499.99,0,0,29
65000000,65109999,300.001,999.999,2599.99,0,0,29
65110000,65139999,0.0,1.0,249.99,0,0,29
65110000,65139999,1.001,5.0,359.98,0,0,29
65110000,65139999,5.001,10.0,499.99,0,0,29
65110000,65139999,10.001,15.0,849.99,0,0,29
65110000,65139999,15.001,20.0,949.99,0,0,29
65110000,65139999,20.001,30.0,1100,0,0,29
65110000,65139999,30.001,40.0,1499.99,0,0,29
65110000,65139999,40.001,50.0,1699.99,0,0,29
65110000,65139999,50.001,80.0,1999.99,0,0,29
65110000,65139999,80.001,100.0,2229,0,0,29
65110000,65139999,100.001,200.0,2349,0,0,29
65110000,65139999,200.001,300.0,2499.99,0,0,29
65110000,65139999,300.001,999.999,2599.99,0,0,29
65140000,65142999,0.0,1.0,249.99,0,0,29
65140000,65142999,1.001,5.0,359.98,0,0,29
65140000,65142999,5.001,10.0,499.99,0,0,29
65140000,65142999,10.001,15.0,849.99,0,0,29
65140000,65142999,15.001,20.0,949.99,0,0,29
65140000,65142999,20.001,30.0,1100,0,0,29
65140000,65142999,30.001,40.0,1499.99,0,0,29
65140000,65142999,40.001,50.0,1699.99,0,0,29
65140000,65142999,50.001,80.0,1999.99,0,0,29
65140000,65142999,80.001,100.0,2229,0,0,29
65140000,65142999,100.001,200.0,2349,0,0,29
65140000,65142999,200.001,300.0,2499.99,0,0,29
65140000,65142999,300.001,999.999,2599.99,0,0,29
65143000,65147999,0.0,1.0,249.99,0,0,29
65143000,65147999,1.001,5.0,359.98,0,0,29
65143000,65147999,5.001,10.0,499.99,0,0,29
65143000,65147999,10.001,15.0,849.99,0,0,29
65143000,65147999,15.001,20.0,949.99,0,0,29
65143000,65147999,20.001,30.0,1100,0,0,29
65143000,65147999,30.001,40.0,1499.99,0,0,29
65143000,65147999,40.001,50.0,1699.99,0,0,29
65143000,65147999,50.001,80.0,1999.99,0,0,29
65143000,65147999,80.001,100.0,2229,0,0,29
65143000,65147999,100.001,200.0,2349,0,0,29
65143000,65147999,200.001,300.0,2499.99,0,0,29
65143000,65147999,300.001,999.999,2599.99,0,0,29
65148000,65149999,0.0,1.0,249.99,0,0,29
65148000,65149999,1.001,5.0,359.98,0,0,29
65148000,65149999,5.001,10.0,499.99,0,0,29
65148000,65149999,10.001,15.0,849.99,0,0,29
65148000,65149999,15.001,20.0,949.99,0,0,29
65148000,65149999,20.001,30.0,1100,0,0,29
65148000,65149999,30.001,40.0,1499.99,0,0,29
65148000,65149999,40.001,50.0,1699.99,0,0,29
65148000,65149999,50.001,80.0,1999.99,0,0,29
65148000,65149999,80.001,100.0,2229,0,0,29
65148000,65149999,100.001,200.0,2349,0,0,29
65148000,65149999,200.001,300.0,2499.99,0,0,29
65148000,65149999,300.001,999.999,2599.99,0,0,29
65150000,65152999,0.0,1.0,249.99,0,0,29
65150000,65152999,1.001,5.0,359.98,0,0,29
65150000,65152999,5.001,10.0,499.99,0,0,29
65150000,65152999,10.001,15.0,849.99,0,0,29
65150000,65152999,15.001,20.0,949.99,0,0,29
65150000,65152999,20.001,30.0,1100,0,0,29
65150000,65152999,30.001,40.0,1499.99,0,0,29
65150000,65152999,40.001,50.0,1699.99,0,0,29
65150000,65152999,50.001,80.0,1999.99,0,0,29
65150000,65152999,80.001,100.0,2229,0,0,29
65150000,65152999,100.001,200.0,2349,0,0,29
65150000,65152999,200.001,300.0,2499.99,0,0,29
65150000,65152999,300.001,999.999,2599.99,0,0,29
65160000,65249999,0.0,1.0,249.99,0,0,29
65160000,65249999,1.001,5.0,359.98,0,0,29
65160000,65249999,5.001,10.0,499.99,0,0,29
65160000,65249999,10.001,15.0,849.99,0,0,29
65160000,65249999,15.001,20.0,949.99,0,0,29
65160000,65249999,20.001,30.0,1100,0,0,29
65160000,65249999,30.001,40.0,1499.99,0,0,29
65160000,65249999,40.001,50.0,1699.99,0,0,29
65160000,65249999,50.001,80.0,1999.99,0,0,29
65160000,65249999,80.001,100.0,2229,0,0,29
65160000,65249999,100.001,200.0,2349,0,0,29
65160000,65249999,200.001,300.0,2499.99,0,0,29
65160000,65249999,300.001,999.999,2599.99,0,0,29
65250000,65254999,0.0,1.0,249.99,0,0,29
65250000,65254999,1.001,5.0,359.98,0,0,29
65250000,65254999,5.001,10.0,499.99,0,0,29
65250000,65254999,10.001,15.0,849.99,0,0,29
65250000,65254999,15.001,20.0,949.99,0,0,29
65250000,65254999,20.001,30.0,1100,0,0,29
65250000,65254999,30.001,40.0,1499.99,0,0,29
65250000,65254999,40.001,50.0,1699.99,0,0,29
65250000,65254999,50.001,80.0,1999.99,0,0,29
65250000,65254999,80.001,100.0,2229,0,0,29
65250000,65254999,100.001,200.0,2349,0,0,29
65250000,65254999,200.001,300.0,2499.99,0,0,29
65250000,65254999,300.001,999.999,2599.99,0,0,29
65255000,65999999,0.0,1.0,249.99,0,0,29
65255000,65999999,1.001,5.0,359.98,0,0,29
65255000,65999999,5.001,10.0,499.99,0,0,29
65255000,65999999,10.001,15.0,849.99,0,0,29
65255000,65999999,15.001,20.0,949.99,0,0,29
65255000,65999999,20.001,30.0,1100,0,0,29
65255000,65999999,30.001,40.0,1499.99,0,0,29
65255000,65999999,40.001,50.0,1699.99,0,0,29
65255000,65999999,50.001,80.0,1999.99,0,0,29
65255000,65999999,80.001,100.0,2229,0,0,29
65255000,65999999,100.001,200.0,2349,0,0,29
65255000,65999999,200.001,300.0,2499.99,0,0,29
65255000,65999999,300.001,999.999,2599.99,0,0,29
66000000,66999999,0.0,1.0,187.66,0,0,29
66000000,66999999,1.001,5.0,229.98,0,0,29
66000000,66999999,5.001,10.0,298.41,0,0,29
66000000,66999999,10.001,15.0,379.48,0,0,29
66000000,66999999,15.001,20.0,574.53,0,0,29
66000000,66999999,20.001,30.0,689.98,0,0,29
66000000,66999999,30.001,40.0,873.98,0,0,29
66000000,66999999,40.001,50.0,1034.53,0,0,29
66000000,66999999,50.001,80.0,1138.48,0,0,29
66000000,66999999,80.001,100.0,1404.13,0,0,29
66000000,66999999,100.001,200.0,1448.41,0,0,29
66000000,66999999,200.001,300.0,1553.06,0,0,29
66000000,66999999,300.001,999.999,1725.56,0,0,29
67000000,67999999,0.0,1.0,187.66,0,0,29
67000000,67999999,1.001,5.0,229.98,0,0,29
67000000,67999999,5.001,10.0,298.41,0,0,29
67000000,67999999,10.001,15.0,379.48,0,0,29
67000000,67999999,15.001,20.0,574.53,0,0,29
67000000,67999999,20.001,30.0,689.98,0,0,29
67000000,67999999,30.001,40.0,873.98,0,0,29
67000000,67999999,40.001,50.0,1034.53,0,0,29
67000000,67999999,50.001,80.0,1138.48,0,0,29
67000000,67999999,80.001,100.0,1404.13,0,0,29
67000000,67999999,100.001,200.0,1448.41,0,0,29
67000000,67999999,200.001,300.0,1553.06,0,0,29
67000000,67999999,300.001,999.999,1725.56,0,0,29
68000000,68739999,0.0,1.0,187.66,0,0,29
68000000,68739999,1.001,5.0,229.98,0,0,29
68000000,68739999,5.001,10.0,298.41,0,0,29
68000000,68739999,10.001,15.0,379.48,0,0,29
68000000,68739999,15.001,20.0,574.53,0,0,29
68000000,68739999,20.001,30.0,689.98,0,0,29
68000000,68739999,30.001,40.0,873.98,0,0,29
68000000,68739999,40.001,50.0,1034.53,0,0,29
68000000,68739999,50.001,80.0,1138.48,0,0,29
68000000,68739999,80.001,100.0,1404.13,0,0,29
68000000,68739999,100.001,200.0,1448.41,0,0,29
68000000,68739999,200.001,300.0,1553.06,0,0,29
68000000,68739999,300.001,999.999,1725.56,0,0,29
68740000,68747999,0.0,1.0,187.66,0,0,29
68740000,68747999,1.001,5.0,229.98,0,0,29
68740000,68747999,5.001,10.0,298.41,0,0,29
68740000,68747999,10.001,15.0,379.48,0,0,29
68740000,68747999,15.001,20.0,574.53,0,0,29
68740000,68747999,20.001,30.0,689.98,0,0,29
68740000,68747999,30.001,40.0,873.98,0,0,29
68740000,68747999,40.001,50.0,1034.53,0,0,29
68740000,68747999,50.001,80.0,1138.48,0,0,29
68740000,68747999,80.001,100.0,1404.13,0,0,29
68740000,68747999,100.001,200.0,1448.41,0,0,29
68740000,68747999,200.001,300.0,1553.06,0,0,29
68740000,68747999,300.001,999.999,1725.56,0,0,29
68748000,68789999,0.0,1.0,187.66,0,0,29
68748000,68789999,1.001,5.0,229.98,0,0,29
68748000,68789999,5.001,10.0,298.41,0,0,29
68748000,68789999,10.001,15.0,379.48,0,0,29
68748000,68789999,15.001,20.0,574.53,0,0,29
68748000,68789999,20.001,30.0,689.98,0,0,29
68748000,68789999,30.001,40.0,873.98,0,0,29
68748000,68789999,40.001,50.0,1034.53,0,0,29
68748000,68789999,50.001,80.0,1138.48,0,0,29
68748000,68789999,80.001,100.0,1404.13,0,0,29
68748000,68789999,100.001,200.0,1448.41,0,0,29
68748000,68789999,200.001,300.0,1553.06,0,0,29
68748000,68789999,300.001,999.999,1725.56,0,0,29
68790000,68799999,0.0,1.0,187.66,0,0,29
68790000,68799999,1.001,5.0,229.98,0,0,29
68790000,68799999,5.001,10.0,298.41,0,0,29
68790000,68799999,10.001,15.0,379.48,0,0,29
68790000,68799999,15.001,20.0,574.53,0,0,29
68790000,68799999,20.001,30.0,689.98,0,0,29
68790000,68799999,30.001,40.0,873.98,0,0,29
68790000,68799999,40.001,50.0,1034.53,0,0,29
68790000,68799999,50.001,80.0,1138.48,0,0,29
68790000,68799999,80.001,100.0,1404.13,0,0,29
68790000,68799999,100.001,200.0,1448.41,0,0,29
68790000,68799999,200.001,300.0,1553.06,0,0,29
68790000,68799999,300.001,999.999,1725.56,0,0,29
68800000,68899999,0.0,1.0,187.66,0,0,29
68800000,68899999,1.001,5.0,229.98,0,0,29
68800000,68899999,5.001,10.0,298.41,0,0,29
68800000,68899999,10.001,15.0,379.48,0,0,29
68800000,68899999,15.001,20.0,574.53,0,0,29
68800000,68899999,20.001,30.0,689.98,0,0,29
68800000,68899999,30.001,40.0,873.98,0,0,29
68800000,68899999,40.001,50.0,1034.53,0,0,29
68800000,68899999,50.001,80.0,1138.48,0,0,29
68800000,68899999,80.001,100.0,1404.13,0,0,29
68800000,68899999,100.001,200.0,1448.41,0,0,29
68800000,68899999,200.001,300.0,1553.06,0,0,29
68800000,68899999,300.001,999.999,1725.56,0,0,29
70000000,72799999,0.0,1.0,90.74,0,0,16
70000000,72799999,1.001,5.0,114.88,0,0,16
70000000,72799999,5.001,10.0,149.49,0,0,16
70000000,72799999,10.001,15.0,172.49,0,0,16
70000000,72799999,15.001,20.0,183.41,0,0,16
70000000,72799999,20.001,30.0,206.98,0,0,16
70000000,72799999,30.001,40.0,399.9,0,0,16
70000000,72799999,40.001,50.0,559.9,0,0,16
70000000,72799999,50.001,80.0,699.9,0,0,16
70000000,72799999,80.001,100.0,369.13,0,0,16
70000000,72799999,100.001,200.0,495.63,0,0,16
70000000,72799999,200.001,300.0,557.78,0,0,16
70000000,72799999,300.001,999.999,724.62,0,0,16
72800000,72989999,0.0,1.0,68.88,0,0,17
72800000,72989999,1.001,5.0,91.77,0,0,17
72800000,72989999,5.001,10.0,121.88,0,0,17
72800000,72989999,10.001,15.0,160.98,0,0,17
72800000,72989999,15.001,20.0,172.38,0,0,17
72800000,72989999,20.001,30.0,195.48,0,0,17
72800000,72989999,30.001,40.0,399.9,0,0,17
72800000,72989999,40.001,50.0,559.9,0,0,17
72800000,72989999,50.001,80.0,699.9,0,0,17
72800000,72989999,80.001,100.0,449.99,0,0,17
72800000,72989999,100.001,200.0,459.98,0,0,17
72800000,72989999,200.001,300.0,527.83,0,0,17
72800000,72989999,300.001,999.999,689.99,0,0,17
73000000,73699999,0.0,1.0,90.74,0,0,16
73000000,73699999,1.001,5.0,114.88,0,0,16
73000000,73699999,5.001,10.0,149.49,0,0,16
73000000,73699999,10.001,15.0,172.49,0,0,16
73000000,73699999,15.001,20.0,183.41,0,0,16
73000000,73699999,20.001,30.0,206.98,0,0,16
73000000,73699999,30.001,40.0,399.9,0,0,16
73000000,73699999,40.001,50.0,559.9,0,0,16
73000000,73699999,50.001,80.0,699.9,0,0,16
73000000,73699999,80.001,100.0,369.13,0,0,16
73000000,73699999,100.001,200.0,495.63,0,0,16
73000000,73699999,200.001,300.0,557.78,0,0,16
73000000,73699999,300.001,999.999,724.62,0,0,16
73700000,73999999,0.0,1.0,68.88,0,0,17
73700000,73999999,1.001,5.0,91.77,0,0,17
73700000,73999999,5.001,10.0,121.88,0,0,17
73700000,73999999,10.001,15.0,160.98,0,0,17
73700000,73999999,15.001,20.0,172.38,0,0,17
73700000,73999999,20.001,30.0,195.48,0,0,17
73700000,73999999,30.001,40.0,399.9,0,0,17
73700000,73999999,40.001,50.0,559.9,0,0,17
73700000,73999999,50.001,80.0,699.9,0,0,17
73700000,73999999,80.001,100.0,449.99,0,0,17
73700000,73999999,100.001,200.0,459.98,0,0,17
73700000,73999999,200.001,300.0,527.83,0,0,17
73700000,73999999,300.001,999.999,689.99,0,0,17
74000000,74899999,0.0,1.0,68.88,0,0,17
74000000,74899999,1.001,5.0,91.77,0,0,17
74000000,74899999,5.001,10.0,121.88,0,0,17
74000000,74899999,10.001,15.0,160.98,0,0,17
74000000,74899999,15.001,20.0,172.38,0,0,17
74000000,74899999,20.001,30.0,195.48,0,0,17
74000000,74899999,30.001,40.0,399.9,0,0,17
74000000,74899999,40.001,50.0,559.9,0,0,17
74000000,74899999,50.001,80.0,699.9,0,0,17
74000000,74899999,80.001,100.0,449.99,0,0,17
74000000,74899999,100.001,200.0,459.98,0,0,17
74000000,74899999,200.001,300.0,527.83,0,0,17
74000000,74899999,300.001,999.999,689.99,0,0,17
74900000,74999999,0.0,1.0,68.88,0,0,17
74900000,74999999,1.001,5.0,91.77,0,0,17
74900000,74999999,5.001,10.0,121.88,0,0,17
74900000,74999999,10.001,15.0,160.98,0,0,17
74900000,74999999,15.001,20.0,172.38,0,0,17
74900000,74999999,20.001,30.0,195.48,0,0,17
74900000,74999999,30.001,40.0,399.9,0,0,17
74900000,74999999,40.001,50.0,559.9,0,0,17
74900000,74999999,50.001,80.0,699.9,0,0,17
74900000,74999999,80.001,100.0,449.99,0,0,17
74900000,74999999,100.001,200.0,459.98,0,0,17
74900000,74999999,200.001,300.0,527.83,0,0,17
74900000,74999999,300.001,999.999,689.99,0,0,17
75000000,75169999,0.0,1.0,68.88,0,0,17
75000000,75169999,1.001,5.0,91.77,0,0,17
75000000,75169999,5.001,10.0,121.88,0,0,17
75000000,75169999,10.001,15.0,160.98,0,0,17
75000000,75169999,15.001,20.0,172.38,0,0,17
75000000,75169999,20.001,30.0,195.48,0,0,17
75000000,75169999,30.001,40.0,399.9,0,0,17
75000000,75169999,40.001,50.0,559.9,0,0,17
75000000,75169999,50.001,80.0,699.9,0,0,17
75000000,75169999,80.001,100.0,449.99,0,0,17
75000000,75169999,100.001,200.0,459.98,0,0,17
75000000,75169999,200.001,300.0,527.83,0,0,17
75000000,75169999,300.001,999.999,689.99,0,0,17
75170000,75179999,0.0,1.0,68.88,0,0,17
75170000,75179999,1.001,5.0,91.77,0,0,17
75170000,75179999,5.001,10.0,121.88,0,0,17
75170000,75179999,10.001,15.0,160.98,0,0,17
75170000,75179999,15.001,20.0,172.38,0,0,17
75170000,75179999,20.001,30.0,195.48,0,0,17
75170000,75179999,30.001,40.0,399.9,0,0,17
75170000,75179999,40.001,50.0,559.9,0,0,17
75170000,75179999,50.001,80.0,699.9,0,0,17
75170000,75179999,80.001,100.0,449.99,0,0,17
75170000,75179999,100.001,200.0,459.98,0,0,17
75170000,75179999,200.001,300.0,527.83,0,0,17
75170000,75179999,300.001,999.999,689.99,0,0,17
75180000,75194999,0.0,1.0,68.88,0,0,17
75180000,75194999,1.001,5.0,91.77,0,0,17
75180000,75194999,5.001,10.0,121.88,0,0,17
75180000,75194999,10.001,15.0,160.98,0,0,17
75180000,75194999,15.001,20.0,172.38,0,0,17
75180000,75194999,20.001,30.0,195.48,0,0,17
75180000,75194999,30.001,40.0,399.9,0,0,17
75180000,75194999,40.001,50.0,559.9,0,0,17
75180000,75194999,50.001,80.0,699.9,0,0,17
75180000,75194999,80.001,100.0,449.99,0,0,17
75180000,75194999,100.001,200.0,459.98,0,0,17
75180000,75194999,200.001,300.0,527.83,0,0,17
75180000,75194999,300.001,999.999,689.99,0,0,17
75195000,75199999,0.0,1.0,68.88,0,0,17
75195000,75199999,1.001,5.0,91.77,0,0,17
75195000,75199999,5.001,10.0,121.88,0,0,17
75195000,75199999,10.001,15.0,160.98,0,0,17
75195000,75199999,15.001,20.0,172.38,0,0,17
75195000,75199999,20.001,30.0,195.48,0,0,17
75195000,75199999,30.001,40.0,399.9,0,0,17
75195000,75199999,40.001,50.0,559.9,0,0,17
75195000,75199999,50.001,80.0,699.9,0,0,17
75195000,75199999,80.001,100.0,449.99,0,0,17
75195000,75199999,100.001,200.0,459.98,0,0,17
75195000,75199999,200.001,300.0,527.83,0,0,17
75195000,75199999,300.001,999.999,689.99,0,0,17
75200000,75239999,0.0,1.0,68.88,0,0,17
75200000,75239999,1.001,5.0,91.77,0,0,17
75200000,75239999,5.001,10.0,121.88,0,0,17
75200000,75239999,10.001,15.0,160.98,0,0,17
75200000,75239999,15.001,20.0,172.38,0,0,17
75200000,75239999,20.001,30.0,195.48,0,0,17
75200000,75239999,30.001,40.0,399.9,0,0,17
75200000,75239999,40.001,50.0,559.9,0,0,17
75200000,75239999,50.001,80.0,699.9,0,0,17
75200000,75239999,80.001,100.0,449.99,0,0,17
75200000,75239999,100.001,200.0,459.98,0,0,17
75200000,75239999,200.001,300.0,527.83,0,0,17
75200000,75239999,300.001,999.999,689.99,0,0,17
75240000,75259999,0.0,1.0,68.88,0,0,17
75240000,75259999,1.001,5.0,91.77,0,0,17
75240000,75259999,5.001,10.0,121.88,0,0,17
75240000,75259999,10.001,15.0,160.98,0,0,17
75240000,75259999,15.001,20.0,172.38,0,0,17
75240000,75259999,20.001,30.0,195.48,0,0,17
75240000,75259999,30.001,40.0,399.9,0,0,17
75240000,75259999,40.001,50.0,559.9,0,0,17
75240000,75259999,50.001,80.0,699.9,0,0,17
75240000,75259999,80.001,100.0,449.99,0,0,17
75240000,75259999,100.001,200.0,459.98,0,0,17
75240000,75259999,200.001,300.0,527.83,0,0,17
75240000,75259999,300.001,999.999,689.99,0,0,17
75260000,75339999,0.0,1.0,68.88,0,0,17
75260000,75339999,1.001,5.0,91.77,0,0,17
75260000,75339999,5.001,10.0,121.88,0,0,17
75260000,75339999,10.001,15.0,160.98,0,0,17
75260000,75339999,15.001,20.0,172.38,0,0,17
75260000,75339999,20.001,30.0,195.48,0,0,17
75260000,75339999,30.001,40.0,399.9,0,0,17
75260000,75339999,40.001,50.0,559.9,0,0,17
75260000,75339999,50.001,80.0,699.9,0,0,17
75260000,75339999,80.001,100.0,449.99,0,0,17
75260000,75339999,100.001,200.0,459.98,0,0,17
75260000,75339999,200.001,300.0,527.83,0,0,17
75260000,75339999,300.001,999.999,689.99,0,0,17
75340000,75354999,0.0,1.0,68.88,0,0,17
75340000,75354999,1.001,5.0,91.77,0,0,17
75340000,75354999,5.001,10.0,121.88,0,0,17
75340000,75354999,10.001,15.0,160.98,0,0,17
75340000,75354999,15.001,20.0,172.38,0,0,17
75340000,75354999,20.001,30.0,195.48,0,0,17
75340000,75354999,30.001,40.0,399.9,0,0,17
75340000,75354999,40.001,50.0,559.9,0,0,17
75340000,75354999,50.001,80.0,699.9,0,0,17
75340000,75354999,80.001,100.0,449.99,0,0,17
75340000,75354999,100.001,200.0,459.98,0,0,17
75340000,75354999,200.001,300.0,527.83,0,0,17
75340000,75354999,300.001,999.999,689.99,0,0,17
75355000,75359999,0.0,1.0,68.88,0,0,17
75355000,75359999,1.001,5.0,91.77,0,0,17
75355000,75359999,5.001,10.0,121.88,0,0,17
75355000,75359999,10.001,15.0,160.98,0,0,17
75355000,75359999,15.001,20.0,172.38,0,0,17
75355000,75359999,20.001,30.0,195.48,0,0,17
75355000,75359999,30.001,40.0,399.9,0,0,17
75355000,75359999,40.001,50.0,559.9,0,0,17
75355000,75359999,50.001,80.0,699.9,0,0,17
75355000,75359999,80.001,100.0,449.99,0,0,17
75355000,75359999,100.001,200.0,459.98,0,0,17
75355000,75359999,200.001,300.0,527.83,0,0,17
75355000,75359999,300.001,999.999,689.99,0,0,17
75360000,75374999,0.0,1.0,68.88,0,0,17
75360000,75374999,1.001,5.0,91.77,0,0,17
75360000,75374999,5.001,10.0,121.88,0,0,17
75360000,75374999,10.001,15.0,160.98,0,0,17
75360000,75374999,15.001,20.0,172.38,0,0,17
75360000,75374999,20.001,30.0,195.48,0,0,17
75360000,75374999,30.001,40.0,399.9,0,0,17
75360000,75374999,40.001,50.0,559.9,0,0,17
75360000,75374999,50.001,80.0,699.9,0,0,17
75360000,75374999,80.001,100.0,449.99,0,0,17
75360000,75374999,100.001,200.0,459.98,0,0,17
75360000,75374999,200.001,300.0,527.83,0,0,17
75360000,75374999,300.001,999.999,689.99,0,0,17
75375000,75379999,0.0,1.0,68.88,0,0,17
75375000,75379999,1.001,5.0,91.77,0,0,17
75375000,75379999,5.001,10.0,121.88,0,0,17
75375000,75379999,10.001,15.0,160.98,0,0,17
75375000,75379999,15.001,20.0,172.38,0,0,17
75375000,75379999,20.001,30.0,195.48,0,0,17
75375000,75379999,30.001,40.0,399.9,0,0,17
75375000,75379999,40.001,50.0,559.9,0,0,17
75375000,75379999,50.001,80.0,699.9,0,0,17
75375000,75379999,80.001,100.0,449.99,0,0,17
75375000,75379999,100.001,200.0,459.98,0,0,17
75375000,75379999,200.001,300.0,527.83,0,0,17
75375000,75379999,300.001,999.999,689.99,0,0,17
75380000,75394999,0.0,1.0,68.88,0,0,17
75380000,75394999,1.001,5.0,91.77,0,0,17
75380000,75394999,5.001,10.0,121.88,0,0,17
75380000,75394999,10.001,15.0,160.98,0,0,17
75380000,75394999,15.001,20.0,172.38,0,0,17
75380000,75394999,20.001,30.0,195.48,0,0,17
75380000,75394999,30.001,40.0,399.9,0,0,17
75380000,75394999,40.001,50.0,559.9,0,0,17
75380000,75394999,50.001,80.0,699.9,0,0,17
75380000,75394999,80.001,100.0,449.99,0,0,17
75380000,75394999,100.001,200.0,459.98,0,0,17
75380000,75394999,200.001,300.0,527.83,0,0,17
75380000,75394999,300.001,999.999,689.99,0,0,17
75395000,75399999,0.0,1.0,68.88,0,0,17
75395000,75399999,1.001,5.0,91.77,0,0,17
75395000,75399999,5.001,10.0,121.88,0,0,17
75395000,75399999,10.001,15.0,160.98,0,0,17
75395000,75399999,15.001,20.0,172.38,0,0,17
75395000,75399999,20.001,30.0,195.48,0,0,17
75395000,75399999,30.001,40.0,399.9,0,0,17
75395000,75399999,40.001,50.0,559.9,0,0,17
75395000,75399999,50.001,80.0,699.9,0,0,17
75395000,75399999,80.001,100.0,449.99,0,0,17
75395000,75399999,100.001,200.0,459.98,0,0,17
75395000,75399999,200.001,300.0,527.83,0,0,17
75395000,75399999,300.001,999.999,689.99,0,0,17
75400000,75409999,0.0,1.0,68.88,0,0,17
75400000,75409999,1.001,5.0,91.77,0,0,17
75400000,75409999,5.001,10.0,121.88,0,0,17
75400000,75409999,10.001,15.0,160.98,0,0,17
75400000,75409999,15.001,20.0,172.38,0,0,17
75400000,75409999,20.001,30.0,195.48,0,0,17
75400000,75409999,30.001,40.0,399.9,0,0,17
75400000,75409999,40.001,50.0,559.9,0,0,17
75400000,75409999,50.001,80.0,699.9,0,0,17
75400000,75409999,80.001,100.0,449.99,0,0,17
75400000,75409999,100.001,200.0,459.98,0,0,17
75400000,75409999,200.001,300.0,527.83,0,0,17
75400000,75409999,300.001,999.999,689.99,0,0,17
75410000,75429999,0.0,1.0,68.88,0,0,17
75410000,75429999,1.001,5.0,91.77,0,0,17
75410000,75429999,5.001,10.0,121.88,0,0,17
75410000,75429999,10.001,15.0,160.98,0,0,17
75410000,75429999,15.001,20.0,172.38,0,0,17
75410000,75429999,20.001,30.0,195.48,0,0,17
75410000,75429999,30.001,40.0,399.9,0,0,17
75410000,75429999,40.001,50.0,559.9,0,0,17
75410000,75429999,50.001,80.0,699.9,0,0,17
75410000,75429999,80.001,100.0,449.99,0,0,17
75410000,75429999,100.001,200.0,459.98,0,0,17
75410000,75429999,200.001,300.0,527.83,0,0,17
75410000,75429999,300.001,999.999,689.99,0,0,17
75430000,75449999,0.0,1.0,68.88,0,0,17
75430000,75449999,1.001,5.0,91.77,0,0,17
75430000,75449999,5.001,10.0,121.88,0,0,17
75430000,75449999,10.001,15.0,160.98,0,0,17
75430000,75449999,15.001,20.0,172.38,0,0,17
75430000,75449999,20.001,30.0,195.48,0,0,17
75430000,75449999,30.001,40.0,399.9,0,0,17
75430000,75449999,40.001,50.0,559.9,0,0,17
75430000,75449999,50.001,80.0,699.9,0,0,17
75430000,75449999,80.001,100.0,449.99,0,0,17
75430000,75449999,100.001,200.0,459.98,0,0,17
75430000,75449999,200.001,300.0,527.83,0,0,17
75430000,75449999,300.001,999.999,689.99,0,0,17
75450000,75459999,0.0,1.0,68.88,0,0,17
75450000,75459999,1.001,5.0,91.77,0,0,17
75450000,75459999,5.001,10.0,121.88,0,0,17
75450000,75459999,10.001,15.0,160.98,0,0,17
75450000,75459999,15.001,20.0,172.38,0,0,17
75450000,75459999,20.001,30.0,195.48,0,0,17
75450000,75459999,30.001,40.0,399.9,0,0,17
75450000,75459999,40.001,50.0,559.9,0,0,17
75450000,75459999,50.001,80.0,699.9,0,0,17
75450000,75459999,80.001,100.0,449.99,0,0,17
75450000,75459999,100.001,200.0,459.98,0,0,17
75450000,75459999,200.001,300.0,527.83,0,0,17
75450000,75459999,300.001,999.999,689.99,0,0,17
75460000,75479999,0.0,1.0,68.88,0,0,17
75460000,75479999,1.001,5.0,91.77,0,0,17
75460000,75479999,5.001,10.0,121.88,0,0,17
75460000,75479999,10.001,15.0,160.98,0,0,17
75460000,75479999,15.001,20.0,172.38,0,0,17
75460000,75479999,20.001,30.0,195.48,0,0,17
75460000,75479999,30.001,40.0,399.9,0,0,17
75460000,75479999,40.001,50.0,559.9,0,0,17
75460000,75479999,50.001,80.0,699.9,0,0,17
75460000,75479999,80.001,100.0,449.99,0,0,17
75460000,75479999,100.001,200.0,459.98,0,0,17
75460000,75479999,200.001,300.0,527.83,0,0,17
75460000,75479999,300.001,999.999,689.99,0,0,17
75480000,76369999,0.0,1.0,68.88,0,0,17
75480000,76369999,1.001,5.0,91.77,0,0,17
75480000,76369999,5.001,10.0,121.88,0,0,17
75480000,76369999,10.001,15.0,160.98,0,0,17
75480000,76369999,15.001,20.0,172.38,0,0,17
75480000,76369999,20.001,30.0,195.48,0,0,17
75480000,76369999,30.001,40.0,399.9,0,0,17
75480000,76369999,40.001,50.0,559.9,0,0,17
75480000,76369999,50.001,80.0,699.9,0,0,17
75480000,76369999,80.001,100.0,449.99,0,0,17
75480000,76369999,100.001,200.0,459.98,0,0,17
75480000,76369999,200.001,300.0,527.83,0,0,17
75480000,76369999,300.001,999.999,689.99,0,0,17
76372000,76372999,0.0,1.0,68.88,0,0,17
76372000,76372999,1.001,5.0,91.77,0,0,17
76372000,76372999,5.001,10.0,121.88,0,0,17
76372000,76372999,10.001,15.0,160.98,0,0,17
76372000,76372999,15.001,20.0,172.38,0,0,17
76372000,76372999,20.001,30.0,195.48,0,0,17
76372000,76372999,30.001,40.0,399.9,0,0,17
76372000,76372999,40.001,50.0,559.9,0,0,17
76372000,76372999,50.001,80.0,699.9,0,0,17
76372000,76372999,80.001,100.0,449.99,0,0,17
76372000,76372999,100.001,200.0,459.98,0,0,17
76372000,76372999,200.001,300.0,527.83,0,0,17
76372000,76372999,300.001,999.999,689.99,0,0,17
76374000,76393999,0.0,1.0,68.88,0,0,17
76374000,76393999,1.001,5.0,91.77,0,0,17
76374000,76393999,5.001,10.0,121.88,0,0,17
76374000,76393999,10.001,15.0,160.98,0,0,17
76374000,76393999,15.001,20.0,172.38,0,0,17
76374000,76393999,20.001,30.0,195.48,0,0,17
76374000,76393999,30.001,40.0,399.9,0,0,17
76374000,76393999,40.001,50.0,559.9,0,0,17
76374000,76393999,50.001,80.0,699.9,0,0,17
76374000,76393999,80.001,100.0,449.99,0,0,17
76374000,76393999,100.001,200.0,459.98,0,0,17
76374000,76393999,200.001,300.0,527.83,0,0,17
76374000,76393999,300.001,999.999,689.99,0,0,17
76395000,76759999,0.0,1.0,68.88,0,0,17
76395000,76759999,1.001,5.0,91.77,0,0,17
76395000,76759999,5.001,10.0,121.88,0,0,17
76395000,76759999,10.001,15.0,160.98,0,0,17
76395000,76759999,15.001,20.0,172.38,0,0,17
76395000,76759999,20.001,30.0,195.48,0,0,17
76395000,76759999,30.001,40.0,399.9,0,0,17
76395000,76759999,40.001,50.0,559.9,0,0,17
76395000,76759999,50.001,80.0,699.9,0,0,17
76395000,76759999,80.001,100.0,449.99,0,0,17
76395000,76759999,100.001,200.0,459.98,0,0,17
76395000,76759999,200.001,300.0,527.83,0,0,17
76395000,76759999,300.001,999.999,689.99,0,0,17
76800000,76849999,0.0,1.0,114.87,0,0,27
76800000,76849999,1.001,5.0,160.41,0,0,27
76800000,76849999,5.001,10.0,183.87,0,0,27
76800000,76849999,10.001,15.0,195.03,0,0,27
76800000,76849999,15.001,20.0,218.48,0,0,27
76800000,76849999,20.001,30.0,242.06,0,0,27
76800000,76849999,30.001,40.0,399.9,0,0,27
76800000,76849999,40.001,50.0,559.9,0,0,27
76800000,76849999,50.001,80.0,699.9,0,0,27
76800000,76849999,80.001,100.0,402.48,0,0,27
76800000,76849999,100.001,200.0,459.41,0,0,27
76800000,76849999,200.001,300.0,483.68,0,0,27
76800000,76849999,300.001,999.999,587.64,0,0,27
76850000,76859999,0.0,1.0,114.87,0,0,27
76850000,76859999,1.001,5.0,160.41,0,0,27
76850000,76859999,5.001,10.0,183.87,0,0,27
76850000,76859999,10.001,15.0,195.03,0,0,27
76850000,76859999,15.001,20.0,218.48,0,0,27
76850000,76859999,20.001,30.0,242.06,0,0,27
76850000,76859999,30.001,40.0,399.9,0,0,27
76850000,76859999,40.001,50.0,559.9,0,0,27
76850000,76859999,50.001,80.0,699.9,0,0,27
76850000,76859999,80.001,100.0,402.48,0,0,27
76850000,76859999,100.001,200.0,459.41,0,0,27
76850000,76859999,200.001,300.0,483.68,0,0,27
76850000,76859999,300.001,999.999,587.64,0,0,27
76860000,76860999,0.0,1.0,114.87,0,0,27
76860000,76860999,1.001,5.0,160.41,0,0,27
76860000,76860999,5.001,10.0,183.87,0,0,27
76860000,76860999,10.001,15.0,195.03,0,0,27
76860000,76860999,15.001,20.0,218.48,0,0,27
76860000,76860999,20.001,30.0,242.06,0,0,27
76860000,76860999,30.001,40.0,399.9,0,0,27
76860000,76860999,40.001,50.0,559.9,0,0,27
76860000,76860999,50.001,80.0,699.9,0,0,27
76860000,76860999,80.001,100.0,402.48,0,0,27
76860000,76860999,100.001,200.0,459.41,0,0,27
76860000,76860999,200.001,300.0,483.68,0,0,27
76860000,76860999,300.001,999.999,587.64,0,0,27
76861000,76999999,0.0,1.0,114.87,0,0,27
76861000,76999999,1.001,5.0,160.41,0,0,27
76861000,76999999,5.001,10.0,183.87,0,0,27
76861000,76999999,10.001,15.0,195.03,0,0,27
76861000,76999999,15.001,20.0,218.48,0,0,27
76861000,76999999,20.001,30.0,242.06,0,0,27
76861000,76999999,30.001,40.0,399.9,0,0,27
76861000,76999999,40.001,50.0,559.9,0,0,27
76861000,76999999,50.001,80.0,699.9,0,0,27
76861000,76999999,80.001,100.0,402.48,0,0,27
76861000,76999999,100.001,200.0,459.41,0,0,27
76861000,76999999,200.001,300.0,483.68,0,0,27
76861000,76999999,300.001,999.999,587.64,0,0,27
77000000,77299999,0.0,1.0,249.99,0,0,27
77000000,77299999,1.001,5.0,359.98,0,0,27
77000000,77299999,5.001,10.0,499.99,0,0,27
77000000,77299999,10.001,15.0,849.99,0,0,27
77000000,77299999,15.001,20.0,949.99,0,0,27
77000000,77299999,20.001,30.0,1100,0,0,27
77000000,77299999,30.001,40.0,1499.99,0,0,27
77000000,77299999,40.001,50.0,1699.99,0,0,27
77000000,77299999,50.001,80.0,1999.99,0,0,27
77000000,77299999,80.001,100.0,2229,0,0,27
77000000,77299999,100.001,200.0,2349,0,0,27
77000000,77299999,200.001,300.0,2499.99,0,0,27
77000000,77299999,300.001,999.999,2599.99,0,0,27
77300000,77499999,0.0,1.0,249.99,0,0,27
77300000,77499999,1.001,5.0,359.98,0,0,27
77300000,77499999,5.001,10.0,499.99,0,0,27
77300000,77499999,10.001,15.0,849.99,0,0,27
77300000,77499999,15.001,20.0,949.99,0,0,27
77300000,77499999,20.001,30.0,1100,0,0,27
77300000,77499999,30.001,40.0,1499.99,0,0,27
77300000,77499999,40.001,50.0,1699.99,0,0,27
77300000,77499999,50.001,80.0,1999.99,0,0,27
77300000,77499999,80.001,100.0,2229,0,0,27
77300000,77499999,100.001,200.0,2349,0,0,27
77300000,77499999,200.001,300.0,2499.99,0,0,27
77300000,77499999,300.001,999.999,2599.99,0,0,27
77500000,77564999,0.0,1.0,249.99,0,0,27
77500000,77564999,1.001,5.0,359.98,0,0,27
77500000,77564999,5.001,10.0,499.99,0,0,27
77500000,77564999,10.001,15.0,849.99,0,0,27
77500000,77564999,15.001,20.0,949.99,0,0,27
77500000,77564999,20.001,30.0,1100,0,0,27
77500000,77564999,30.001,40.0,1499.99,0,0,27
77500000,77564999,40.001,50.0,1699.99,0,0,27
77500000,77564999,50.001,80.0,1999.99,0,0,27
77500000,77564999,80.001,100.0,2229,0,0,27
77500000,77564999,100.001,200.0,2349,0,0,27
77500000,77564999,200.001,300.0,2499.99,0,0,27
77500000,77564999,300.001,999.999,2599.99,0,0,27
77565000,77579999,0.0,1.0,249.99,0,0,27
77565000,77579999,1.001,5.0,359.98,0,0,27
77565000,77579999,5.001,10.0,499.99,0,0,27
77565000,77579999,10.001,15.0,849.99,0,0,27
77565000,77579999,15.001,20.0,949.99,0,0,27
77565000,77579999,20.001,30.0,1100,0,0,27
77565000,77579999,30.001,40.0,1499.99,0,0,27
77565000,77579999,40.001,50.0,1699.99,0,0,27
77565000,77579999,50.001,80.0,1999.99,0,0,27
77565000,77579999,80.001,100.0,2229,0,0,27
77565000,77579999,100.001,200.0,2349,0,0,27
77565000,77579999,200.001,300.0,2499.99,0,0,27
77565000,77579999,300.001,999.999,2599.99,0,0,27
77580000,77589999,0.0,1.0,249.99,0,0,27
77580000,77589999,1.001,5.0,359.98,0,0,27
77580000,77589999,5.001,10.0,499.99,0,0,27
77580000,77589999,10.001,15.0,849.99,0,0,27
77580000,77589999,15.001,20.0,949.99,0,0,27
77580000,77589999,20.001,30.0,1100,0,0,27
77580000,77589999,30.001,40.0,1499.99,0,0,27
77580000,77589999,40.001,50.0,1699.99,0,0,27
77580000,77589999,50.001,80.0,1999.99,0,0,27
77580000,77589999,80.001,100.0,2229,0,0,27
77580000,77589999,100.001,200.0,2349,0,0,27
77580000,77589999,200.001,300.0,2499.99,0,0,27
77580000,77589999,300.001,999.999,2599.99,0,0,27
77590000,77599999,0.0,1.0,249.99,0,0,27
77590000,77599999,1.001,5.0,359.98,0,0,27
77590000,77599999,5.001,10.0,499.99,0,0,27
77590000,77599999,10.001,15.0,849.99,0,0,27
77590000,77599999,15.001,20.0,949.99,0,0,27
77590000,77599999,20.001,30.0,1100,0,0,27
77590000,77599999,30.001,40.0,1499.99,0,0,27
77590000,77599999,40.001,50.0,1699.99,0,0,27
77590000,77599999,50.001,80.0,1999.99,0,0,27
77590000,77599999,80.001,100.0,2229,0,0,27
77590000,77599999,100.001,200.0,2349,0,0,27
77590000,77599999,200.001,300.0,2499.99,0,0,27
77590000,77599999,300.001,999.999,2599.99,0,0,27
77600000,77604999,0.0,1.0,249.99,0,0,27
77600000,77604999,1.001,5.0,359.98,0,0,27
77600000,77604999,5.001,10.0,499.99,0,0,27
77600000,77604999,10.001,15.0,849.99,0,0,27
77600000,77604999,15.001,20.0,949.99,0,0,27
77600000,77604999,20.001,30.0,1100,0,0,27
77600000,77604999,30.001,40.0,1499.99,0,0,27
77600000,77604999,40.001,50.0,1699.99,0,0,27
77600000,77604999,50.001,80.0,1999.99,0,0,27
77600000,77604999,80.001,100.0,2229,0,0,27
77600000,77604999,100.001,200.0,2349,0,0,27
77600000,77604999,200.001,300.0,2499.99,0,0,27
77600000,77604999,300.001,999.999,2599.99,0,0,27
77605000,77619999,0.0,1.0,249.99,0,0,27
77605000,77619999,1.001,5.0,359.98,0,0,27
77605000,77619999,5.001,10.0,499.99,0,0,27
77605000,77619999,10.001,15.0,849.99,0,0,27
77605000,77619999,15.001,20.0,949.99,0,0,27
77605000,77619999,20.001,30.0,1100,0,0,27
77605000,77619999,30.001,40.0,1499.99,0,0,27
77605000,77619999,40.001,50.0,1699.99,0,0,27
77605000,77619999,50.001,80.0,1999.99,0,0,27
77605000,77619999,80.001,100.0,2229,0,0,27
77605000,77619999,100.001,200.0,2349,0,0,27
77605000,77619999,200.001,300.0,2499.99,0,0,27
77605000,77619999,300.001,999.999,2599.99,0,0,27
77620000,77629999,0.0,1.0,249.99,0,0,27
77620000,77629999,1.001,5.0,359.98,0,0,27
77620000,77629999,5.001,10.0,499.99,0,0,27
77620000,77629999,10.001,15.0,849.99,0,0,27
77620000,77629999,15.001,20.0,949.99,0,0,27
77620000,77629999,20.001,30.0,1100,0,0,27
77620000,77629999,30.001,40.0,1499.99,0,0,27
77620000,77629999,40.001,50.0,1699.99,0,0,27
77620000,77629999,50.001,80.0,1999.99,0,0,27
77620000,77629999,80.001,100.0,2229,0,0,27
77620000,77629999,100.001,200.0,2349,0,0,27
77620000,77629999,200.001,300.0,2499.99,0,0,27
77620000,77629999,300.001,999.999,2599.99,0,0,27
77630000,77639999,0.0,1.0,249.99,0,0,27
77630000,77639999,1.001,5.0,359.98,0,0,27
77630000,77639999,5.001,10.0,499.99,0,0,27
77630000,77639999,10.001,15.0,849.99,0,0,27
77630000,77639999,15.001,20.0,949.99,0,0,27
77630000,77639999,20.001,30.0,1100,0,0,27
77630000,77639999,30.001,40.0,1499.99,0,0,27
77630000,77639999,40.001,50.0,1699.99,0,0,27
77630000,77639999,50.001,80.0,1999.99,0,0,27
77630000,77639999,80.001,100.0,2229,0,0,27
77630000,77639999,100.001,200.0,2349,0,0,27
77630000,77639999,200.001,300.0,2499.99,0,0,27
77630000,77639999,300.001,999.999,2599.99,0,0,27
77640000,77654999,0.0,1.0,249.99,0,0,27
77640000,77654999,1.001,5.0,359.98,0,0,27
77640000,77654999,5.001,10.0,499.99,0,0,27
77640000,77654999,10.001,15.0,849.99,0,0,27
77640000,77654999,15.001,20.0,949.99,0,0,27
77640000,77654999,20.001,30.0,1100,0,0,27
77640000,77654999,30.001,40.0,1499.99,0,0,27
77640000,77654999,40.001,50.0,1699.99,0,0,27
77640000,77654999,50.001,80.0,1999.99,0,0,27
77640000,77654999,80.001,100.0,2229,0,0,27
77640000,77654999,100.001,200.0,2349,0,0,27
77640000,77654999,200.001,300.0,2499.99,0,0,27
77640000,77654999,300.001,999.999,2599.99,0,0,27
77655000,77659999,0.0,1.0,249.99,0,0,27
77655000,77659999,1.001,5.0,359.98,0,0,27
77655000,77659999,5.001,10.0,499.99,0,0,27
77655000,77659999,10.001,15.0,849.99,0,0,27
77655000,77659999,15.001,20.0,949.99,0,0,27
77655000,77659999,20.001,30.0,1100,0,0,27
77655000,77659999,30.001,40.0,1499.99,0,0,27
77655000,77659999,40.001,50.0,1699.99,0,0,27
77655000,77659999,50.001,80.0,1999.99,0,0,27
77655000,77659999,80.001,100.0,2229,0,0,27
77655000,77659999,100.001,200.0,2349,0,0,27
77655000,77659999,200.001,300.0,2499.99,0,0,27
77655000,77659999,300.001,999.999,2599.99,0,0,27
77660000,77669999,0.0,1.0,249.99,0,0,27
77660000,77669999,1.001,5.0,359.98,0,0,27
77660000,77669999,5.001,10.0,499.99,0,0,27
77660000,77669999,10.001,15.0,849.99,0,0,27
77660000,77669999,15.001,20.0,949.99,0,0,27
77660000,77669999,20.001,30.0,1100,0,0,27
77660000,77669999,30.001,40.0,1499.99,0,0,27
77660000,77669999,40.001,50.0,1699.99,0,0,27
77660000,77669999,50.001,80.0,1999.99,0,0,27
77660000,77669999,80.001,100.0,2229,0,0,27
77660000,77669999,100.001,200.0,2349,0,0,27
77660000,77669999,200.001,300.0,2499.99,0,0,27
77660000,77669999,300.001,999.999,2599.99,0,0,27
77670000,77999999,0.0,1.0,249.99,0,0,27
77670000,77999999,1.001,5.0,359.98,0,0,27
77670000,77999999,5.001,10.0,499.99,0,0,27
77670000,77999999,10.001,15.0,849.99,0,0,27
77670000,77999999,15.001,20.0,949.99,0,0,27
77670000,77999999,20.001,30.0,1100,0,0,27
77670000,77999999,30.001,40.0,1499.99,0,0,27
77670000,77999999,40.001,50.0,1699.99,0,0,27
77670000,77999999,50.001,80.0,1999.99,0,0,27
77670000,77999999,80.001,100.0,2229,0,0,27
77670000,77999999,100.001,200.0,2349,0,0,27
77670000,77999999,200.001,300.0,2499.99,0,0,27
77670000,77999999,300.001,999.999,2599.99,0,0,27
78000000,78109999,0.0,1.0,114.87,0,0,16
78000000,78109999,1.001,5.0,160.41,0,0,16
78000000,78109999,5.001,10.0,183.87,0,0,16
78000000,78109999,10.001,15.0,195.03,0,0,16
78000000,78109999,15.001,20.0,259.99,0,0,16
78000000,78109999,20.001,30.0,320.98,0,0,16
78000000,78109999,30.001,40.0,399.9,0,0,16
78000000,78109999,40.001,50.0,559.9,0,0,16
78000000,78109999,50.001,80.0,699.98,0,0,16
78000000,78109999,80.001,100.0,789.98,0,0,16
78000000,78109999,100.001,200.0,899.99,0,0,16
78000000,78109999,200.001,300.0,999.99,0,0,16
78000000,78109999,300.001,999.999,1300.99,0,0,16
78110000,78174999,0.0,1.0,114.87,0,0,16
78110000,78174999,1.001,5.0,160.41,0,0,16
78110000,78174999,5.001,10.0,183.87,0,0,16
78110000,78174999,10.001,15.0,195.03,0,0,16
78110000,78174999,15.001,20.0,259.99,0,0,16
78110000,78174999,20.001,30.0,320.98,0,0,16
78110000,78174999,30.001,40.0,399.9,0,0,16
78110000,78174999,40.001,50.0,559.9,0,0,16
78110000,78174999,50.001,80.0,699.98,0,0,16
78110000,78174999,80.001,100.0,789.98,0,0,16
78110000,78174999,100.001,200.0,899.99,0,0,16
78110000,78174999,200.001,300.0,999.99,0,0,16
78110000,78174999,300.001,999.999,1300.99,0,0,16
78175000,78179999,0.0,1.0,114.87,0,0,16
78175000,78179999,1.001,5.0,160.41,0,0,16
78175000,78179999,5.001,10.0,183.87,0,0,16
78175000,78179999,10.001,15.0,195.03,0,0,16
78175000,78179999,15.001,20.0,259.99,0,0,16
78175000,78179999,20.001,30.0,320.98,0,0,16
78175000,78179999,30.001,40.0,399.9,0,0,16
78175000,78179999,40.001,50.0,559.9,0,0,16
78175000,78179999,50.001,80.0,699.98,0,0,16
78175000,78179999,80.001,100.0,789.98,0,0,16
78175000,78179999,100.001,200.0,899.99,0,0,16
78175000,78179999,200.001,300.0,999.99,0,0,16
78175000,78179999,300.001,999.999,1300.99,0,0,16
78180000,78189999,0.0,1.0,114.87,0,0,16
78180000,78189999,1.001,5.0,160.41,0,0,16
78180000,78189999,5.001,10.0,183.87,0,0,16
78180000,78189999,10.001,15.0,195.03,0,0,16
78180000,78189999,15.001,20.0,259.99,0,0,16
78180000,78189999,20.001,30.0,320.98,0,0,16
78180000,78189999,30.001,40.0,399.9,0,0,16
78180000,78189999,40.001,50.0,559.9,0,0,16
78180000,78189999,50.001,80.0,699.98,0,0,16
78180000,78189999,80.001,100.0,789.98,0,0,16
78180000,78189999,100.001,200.0,899.99,0,0,16
78180000,78189999,200.001,300.0,999.99,0,0,16
78180000,78189999,300.001,999.999,1300.99,0,0,16
78190000,78886999,0.0,1.0,114.87,0,0,16
78190000,78886999,1.001,5.0,160.41,0,0,16
78190000,78886999,5.001,10.0,183.87,0,0,16
78190000,78886999,10.001,15.0,195.03,0,0,16
78190000,78886999,15.001,20.0,259.99,0,0,16
78190000,78886999,20.001,30.0,320.98,0,0,16
78190000,78886999,30.001,40.0,399.9,0,0,16
78190000,78886999,40.001,50.0,559.9,0,0,16
78190000,78886999,50.001,80.0,699.98,0,0,16
78190000,78886999,80.001,100.0,789.98,0,0,16
78190000,78886999,100.001,200.0,899.99,0,0,16
78190000,78886999,200.001,300.0,999.99,0,0,16
78190000,78886999,300.001,999.999,1300.99,0,0,16
78888000,78899999,0.0,1.0,114.87,0,0,16
78888000,78899999,1.001,5.0,160.41,0,0,16
78888000,78899999,5.001,10.0,183.87,0,0,16
78888000,78899999,10.001,15.0,195.03,0,0,16
78888000,78899999,15.001,20.0,259.99,0,0,16
78888000,78899999,20.001,30.0,320.98,0,0,16
78888000,78899999,30.001,40.0,399.9,0,0,16
78888000,78899999,40.001,50.0,559.9,0,0,16
78888000,78899999,50.001,80.0,699.98,0,0,16
78888000,78899999,80.001,100.0,789.98,0,0,16
78888000,78899999,100.001,200.0,899.99,0,0,16
78888000,78899999,200.001,300.0,999.99,0,0,16
78888000,78899999,300.001,999.999,1300.99,0,0,16
79000000,79129999,0.0,1.0,80.49,0,0,16
79000000,79129999,1.001,5.0,114.37,0,0,16
79000000,79129999,5.001,10.0,149.49,0,0,16
79000000,79129999,10.001,15.0,173.64,0,0,16
79000000,79129999,15.001,20.0,195.48,0,0,16
79000000,79129999,20.001,30.0,206.99,0,0,16
79000000,79129999,30.001,40.0,399.9,0,0,16
79000000,79129999,40.001,50.0,559.9,0,0,16
79000000,79129999,50.001,80.0,699.9,0,0,16
79000000,79129999,80.001,100.0,399.99,0,0,16
79000000,79129999,100.001,200.0,420.99,0,0,16
79000000,79129999,200.001,300.0,459.99,0,0,16
79000000,79129999,300.001,999.999,518.64,0,0,16
79130000,79999999,0.0,1.0,80.49,0,0,16
79130000,79999999,1.001,5.0,114.37,0,0,16
79130000,79999999,5.001,10.0,149.49,0,0,16
79130000,79999999,10.001,15.0,173.64,0,0,16
79130000,79999999,15.001,20.0,195.48,0,0,16
79130000,79999999,20.001,30.0,206.99,0,0,16
79130000,79999999,30.001,40.0,399.9,0,0,16
79130000,79999999,40.001,50.0,559.9,0,0,16
79130000,79999999,50.001,80.0,699.9,0,0,16
79130000,79999999,80.001,100.0,399.99,0,0,16
79130000,79999999,100.001,200.0,420.99,0,0,16
79130000,79999999,200.001,300.0,459.99,0,0,16
79130000,79999999,300.001,999.999,518.64,0,0,16
80000000,82999999,0.0,1.0,69.9,0,0,14
80000000,82999999,1.001,5.0,129.9,0,0,14
80000000,82999999,5.001,10.0,139.9,0,0,14
80000000,82999999,10.001,15.0,159.9,0,0,14
80000000,82999999,15.001,20.0,189.9,0,0,14
80000000,82999999,20.001,30.0,199.9,0,0,14
80000000,82999999,30.001,40.0,299.9,0,0,14
80000000,82999999,40.001,50.0,399.9,0,0,14
80000000,82999999,50.001,80.0,399.9,0,0,14
80000000,82999999,80.001,100.0,499.9,0,0,14
80000000,82999999,100.001,200.0,349.99,0,0,14
80000000,82999999,200.001,300.0,399.99,0,0,14
80000000,82999999,300.001,999.999,499.99,0,0,14
83000000,83199999,0.0,1.0,58.02,0,0,14
83000000,83199999,1.001,5.0,74.92,0,0,14
83000000,83199999,5.001,10.0,87.34,0,0,14
83000000,83199999,10.001,15.0,103.49,0,0,14
83000000,83199999,15.001,20.0,127.18,0,0,14
83000000,83199999,20.001,30.0,137.53,0,0,14
83000000,83199999,30.001,40.0,299.9,0,0,14
83000000,83199999,40.001,50.0,399.9,0,0,14
83000000,83199999,50.001,80.0,399.9,0,0,14
83000000,83199999,80.001,100.0,299.99,0,0,14
83000000,83199999,100.001,200.0,349.99,0,0,14
83000000,83199999,200.001,300.0,399.99,0,0,14
83000000,83199999,300.001,999.999,499.99,0,0,14
83200000,83299999,0.0,1.0,58.02,0,0,14
83200000,83299999,1.001,5.0,74.92,0,0,14
83200000,83299999,5.001,10.0,87.34,0,0,14
83200000,83299999,10.001,15.0,103.49,0,0,14
83200000,83299999,15.001,20.0,127.18,0,0,14
83200000,83299999,20.001,30.0,137.53,0,0,14
83200000,83299999,30.001,40.0,299.9,0,0,14
83200000,83299999,40.001,50.0,399.9,0,0,14
83200000,83299999,50.001,80.0,399.9,0,0,14
83200000,83299999,80.001,100.0,299.99,0,0,14
83200000,83299999,100.001,200.0,349.99,0,0,14
83200000,83299999,200.001,300.0,399.99,0,0,14
83200000,83299999,300.001,999.999,499.99,0,0,14
83300000,83349999,0.0,1.0,58.02,0,0,14
83300000,83349999,1.001,5.0,74.92,0,0,14
83300000,83349999,5.001,10.0,87.34,0,0,14
83300000,83349999,10.001,15.0,103.49,0,0,14
83300000,83349999,15.001,20.0,127.18,0,0,14
83300000,83349999,20.001,30.0,137.53,0,0,14
83300000,83349999,30.001,40.0,299.9,0,0,14
83300000,83349999,40.001,50.0,399.9,0,0,14
83300000,83349999,50.001,80.0,399.9,0,0,14
83300000,83349999,80.001,100.0,299.99,0,0,14
83300000,83349999,100.001,200.0,349.99,0,0,14
83300000,83349999,200.001,300.0,399.99,0,0,14
83300000,83349999,300.001,999.999,499.99,0,0,14
83350000,83399999,0.0,1.0,58.02,0,0,14
83350000,83399999,1.001,5.0,74.92,0,0,14
83350000,83399999,5.001,10.0,87.34,0,0,14
83350000,83399999,10.001,15.0,103.49,0,0,14
83350000,83399999,15.001,20.0,127.18,0,0,14
83350000,83399999,20.001,30.0,137.53,0,0,14
83350000,83399999,30.001,40.0,299.9,0,0,14
83350000,83399999,40.001,50.0,399.9,0,0,14
83350000,83399999,50.001,80.0,399.9,0,0,14
83350000,83399999,80.001,100.0,299.99,0,0,14
83350000,83399999,100.001,200.0,349.99,0,0,14
83350000,83399999,200.001,300.0,399.99,0,0,14
83350000,83399999,300.001,999.999,499.99,0,0,14
83400000,83449999,0.0,1.0,58.02,0,0,14
83400000,83449999,1.001,5.0,74.92,0,0,14
83400000,83449999,5.001,10.0,87.34,0,0,14
83400000,83449999,10.001,15.0,103.49,0,0,14
83400000,83449999,15.001,20.0,127.18,0,0,14
83400000,83449999,20.001,30.0,137.53,0,0,14
83400000,83449999,30.001,40.0,299.9,0,0,14
83400000,83449999,40.001,50.0,399.9,0,0,14
83400000,83449999,50.001,80.0,399.9,0,0,14
83400000,83449999,80.001,100.0,299.99,0,0,14
83400000,83449999,100.001,200.0,349.99,0,0,14
83400000,83449999,200.001,300.0,399.99,0,0,14
83400000,83449999,300.001,999.999,499.99,0,0,14
83450000,83479999,0.0,1.0,58.02,0,0,14
83450000,83479999,1.001,5.0,74.92,0,0,14
83450000,83479999,5.001,10.0,87.34,0,0,14
83450000,83479999,10.001,15.0,103.49,0,0,14
83450000,83479999,15.001,20.0,127.18,0,0,14
83450000,83479999,20.001,30.0,137.53,0,0,14
83450000,83479999,30.001,40.0,299.9,0,0,14
83450000,83479999,40.001,40.0,399.9,0,0,14
83450000,83479999,50.001,80.0,399.9,0,0,14
83450000,83479999,80.001,100.0,299.99,0,0,14
83450000,83479999,100.001,200.0,349.99,0,0,14
83450000,83479999,200.001,300.0,399.99,0,0,14
83450000,83479999,300.001,999.999,499.99,0,0,14
83480000,83899999,0.0,1.0,58.02,0,0,14
83480000,83899999,1.001,5.0,74.92,0,0,14
83480000,83899999,5.001,10.0,87.34,0,0,14
83480000,83899999,10.001,15.0,103.49,0,0,14
83480000,83899999,15.001,20.0,127.18,0,0,14
83480000,83899999,20.001,30.0,137.53,0,0,14
83480000,83899999,30.001,40.0,299.9,0,0,14
83480000,83899999,40.001,50.0,399.9,0,0,14
83480000,83899999,50.001,80.0,399.9,0,0,14
83480000,83899999,80.001,100.0,299.99,0,0,14
83480000,83899999,100.001,200.0,349.99,0,0,14
83480000,83899999,200.001,300.0,399.99,0,0,14
83480000,83899999,300.001,999.999,499.99,0,0,14
83900000,85274899,0.0,1.0,58.02,0,0,14
83900000,85274899,1.001,5.0,74.92,0,0,14
83900000,85274899,5.001,10.0,87.34,0,0,14
83900000,85274899,10.001,15.0,103.49,0,0,14
83900000,85274899,15.001,20.0,127.18,0,0,14
83900000,85274899,20.001,30.0,137.53,0,0,14
83900000,85274899,30.001,40.0,299.9,0,0,14
83900000,85274899,40.001,50.0,399.9,0,0,14
83900000,85274899,50.001,80.0,399.9,0,0,14
83900000,85274899,80.001,100.0,299.99,0,0,14
83900000,85274899,100.001,200.0,349.99,0,0,14
83900000,85274899,200.001,300.0,399.99,0,0,14
83900000,85274899,300.001,999.999,499.99,0,0,14
85275000,87999999,0.0,1.0,58.02,0,0,14
85275000,87999999,1.001,5.0,74.92,0,0,14
85275000,87999999,5.001,10.0,87.34,0,0,14
85275000,87999999,10.001,15.0,103.49,0,0,14
85275000,87999999,15.001,20.0,127.18,0,0,14
85275000,87999999,20.001,30.0,137.53,0,0,14
85275000,87999999,30.001,40.0,299.9,0,0,14
85275000,87999999,40.001,50.0,399.9,0,0,14
85275000,87999999,50.001,80.0,399.9,0,0,14
85275000,87999999,80.001,100.0,299.99,0,0,14
85275000,87999999,100.001,200.0,349.99,0,0,14
85275000,87999999,200.001,300.0,399.99,0,0,14
85275000,87999999,300.001,999.999,499.99,0,0,14
88000000,88099999,0.0,1.0,49.9,0,0,12
88000000,88099999,1.001,5.0,99.9,0,0,12
88000000,88099999,5.001,10.0,109.9,0,0,12
88000000,88099999,10.001,15.0,129.9,0,0,12
88000000,88099999,15.001,20.0,159.9,0,0,12
88000000,88099999,20.001,30.0,199.9,0,0,12
88000000,88099999,30.001,40.0,299.9,0,0,12
88000000,88099999,40.001,50.0,399.9,0,0,12
88000000,88099999,50.001,80.0,399.9,0,0,12
88000000,88099999,80.001,100.0,459.9,0,0,12
88000000,88099999,100.001,200.0,300.09,0,0,12
88000000,88099999,200.001,300.0,357.59,0,0,12
88000000,88099999,300.001,999.999,403.59,0,0,12
88100000,88124999,0.0,1.0,40.61,0,0,12
88100000,88124999,1.001,5.0,52.45,0,0,12
88100000,88124999,5.001,10.0,61.14,0,0,12
88100000,88124999,10.001,15.0,72.44,0,0,12
88100000,88124999,15.001,20.0,89.99,0,0,12
88100000,88124999,20.001,30.0,99.9,0,0,12
88100000,88124999,30.001,40.0,299.9,0,0,12
88100000,88124999,40.001,50.0,399.9,0,0,12
88100000,88124999,50.001,80.0,399.9,0,0,12
88100000,88124999,80.001,100.0,248.34,0,0,12
88100000,88124999,100.001,200.0,300.09,0,0,12
88100000,88124999,200.001,300.0,357.59,0,0,12
88100000,88124999,300.001,999.999,403.59,0,0,12
88125000,88129999,0.0,1.0,40.61,0,0,12
88125000,88129999,1.001,5.0,52.45,0,0,12
88125000,88129999,5.001,10.0,61.14,0,0,12
88125000,88129999,10.001,15.0,72.44,0,0,12
88125000,88129999,15.001,20.0,89.99,0,0,12
88125000,88129999,20.001,30.0,99.9,0,0,12
88125000,88129999,30.001,40.0,299.9,0,0,12
88125000,88129999,40.001,50.0,399.9,0,0,12
88125000,88129999,50.001,80.0,399.9,0,0,12
88125000,88129999,80.001,100.0,248.34,0,0,12
88125000,88129999,100.001,200.0,300.09,0,0,12
88125000,88129999,200.001,300.0,357.59,0,0,12
88125000,88129999,300.001,999.999,403.59,0,0,12
88130000,88209999,0.0,1.0,40.61,0,0,12
88130000,88209999,1.001,5.0,52.45,0,0,12
88130000,88209999,5.001,10.0,61.14,0,0,12
88130000,88209999,10.001,15.0,72.44,0,0,12
88130000,88209999,15.001,20.0,89.99,0,0,12
88130000,88209999,20.001,30.0,99.9,0,0,12
88130000,88209999,30.001,40.0,299.9,0,0,12
88130000,88209999,40.001,50.0,399.9,0,0,12
88130000,88209999,50.001,80.0,399.9,0,0,12
88130000,88209999,80.001,100.0,248.34,0,0,12
88130000,88209999,100.001,200.0,300.09,0,0,12
88130000,88209999,200.001,300.0,357.59,0,0,12
88130000,88209999,300.001,999.999,403.59,0,0,12
88210000,88229999,0.0,1.0,40.61,0,0,12
88210000,88229999,1.001,5.0,52.45,0,0,12
88210000,88229999,5.001,10.0,61.14,0,0,12
88210000,88229999,10.001,15.0,72.44,0,0,12
88210000,88229999,15.001,20.0,89.99,0,0,12
88210000,88229999,20.001,30.0,99.9,0,0,12
88210000,88229999,30.001,40.0,299.9,0,0,12
88210000,88229999,40.001,50.0,399.9,0,0,12
88210000,88229999,50.001,80.0,399.9,0,0,12
88210000,88229999,80.001,100.0,248.34,0,0,12
88210000,88229999,100.001,200.0,300.09,0,0,12
88210000,88229999,200.001,300.0,357.59,0,0,12
88210000,88229999,300.001,999.999,403.59,0,0,12
88230000,88294999,0.0,1.0,40.61,0,0,12
88230000,88294999,1.001,5.0,52.45,0,0,12
88230000,88294999,5.001,10.0,61.14,0,0,12
88230000,88294999,10.001,15.0,72.44,0,0,12
88230000,88294999,15.001,20.0,89.99,0,0,12
88230000,88294999,20.001,30.0,99.9,0,0,12
88230000,88294999,30.001,40.0,299.9,0,0,12
88230000,88294999,40.001,50.0,399.9,0,0,12
88230000,88294999,50.001,80.0,399.9,0,0,12
88230000,88294999,80.001,100.0,248.34,0,0,12
88230000,88294999,100.001,200.0,300.09,0,0,12
88230000,88294999,200.001,300.0,357.59,0,0,12
88230000,88294999,300.001,999.999,403.59,0,0,12
88295000,88444999,0.0,1.0,40.61,0,0,12
88295000,88444999,1.001,5.0,52.45,0,0,12
88295000,88444999,5.001,10.0,61.14,0,0,12
88295000,88444999,10.001,15.0,72.44,0,0,12
88295000,88444999,15.001,20.0,89.99,0,0,12
88295000,88444999,20.001,30.0,99.9,0,0,12
88295000,88444999,30.001,40.0,299.9,0,0,12
88295000,88444999,40.001,50.0,399.9,0,0,12
88295000,88444999,50.001,80.0,399.9,0,0,12
88295000,88444999,80.001,100.0,248.34,0,0,12
88295000,88444999,100.001,200.0,300.09,0,0,12
88295000,88444999,200.001,300.0,357.59,0,0,12
88295000,88444999,300.001,999.999,403.59,0,0,12
88445000,88484999,0.0,1.0,40.61,0,0,12
88445000,88484999,1.001,5.0,52.45,0,0,12
88445000,88484999,5.001,10.0,61.14,0,0,12
88445000,88484999,10.001,15.0,72.44,0,0,12
88445000,88484999,15.001,20.0,89.99,0,0,12
88445000,88484999,20.001,30.0,99.9,0,0,12
88445000,88484999,30.001,40.0,299.9,0,0,12
88445000,88484999,40.001,50.0,399.9,0,0,12
88445000,88484999,50.001,80.0,399.9,0,0,12
88445000,88484999,80.001,100.0,248.34,0,0,12
88445000,88484999,100.001,200.0,300.09,0,0,12
88445000,88484999,200.001,300.0,357.59,0,0,12
88445000,88484999,300.001,999.999,403.59,0,0,12
88485000,88489999,0.0,1.0,40.61,0,0,12
88485000,88489999,1.001,5.0,52.45,0,0,12
88485000,88489999,5.001,10.0,61.14,0,0,12
88485000,88489999,10.001,15.0,72.44,0,0,12
88485000,88489999,15.001,20.0,89.99,0,0,12
88485000,88489999,20.001,30.0,99.9,0,0,12
88485000,88489999,30.001,40.0,299.9,0,0,12
88485000,88489999,40.001,50.0,399.9,0,0,12
88485000,88489999,50.001,80.0,399.9,0,0,12
88485000,88489999,80.001,100.0,248.34,0,0,12
88485000,88489999,100.001,200.0,300.09,0,0,12
88485000,88489999,200.001,300.0,357.59,0,0,12
88485000,88489999,300.001,999.999,403.59,0,0,12
88490000,88499999,0.0,1.0,40.61,0,0,12
88490000,88499999,1.001,5.0,52.45,0,0,12
88490000,88499999,5.001,10.0,61.14,0,0,12
88490000,88499999,10.001,15.0,72.44,0,0,12
88490000,88499999,15.001,20.0,89.99,0,0,12
88490000,88499999,20.001,30.0,99.9,0,0,12
88490000,88499999,30.001,40.0,299.9,0,0,12
88490000,88499999,40.001,50.0,399.9,0,0,12
88490000,88499999,50.001,80.0,399.9,0,0,12
88490000,88499999,80.001,100.0,248.34,0,0,12
88490000,88499999,100.001,200.0,300.09,0,0,12
88490000,88499999,200.001,300.0,357.59,0,0,12
88490000,88499999,300.001,999.999,403.59,0,0,12
88500000,89099999,0.0,1.0,40.61,0,0,12
88500000,89099999,1.001,5.0,52.45,0,0,12
88500000,89099999,5.001,10.0,61.14,0,0,12
88500000,89099999,10.001,15.0,72.44,0,0,12
88500000,89099999,15.001,20.0,89.99,0,0,12
88500000,89099999,20.001,30.0,99.9,0,0,12
88500000,89099999,30.001,40.0,299.9,0,0,12
88500000,89099999,40.001,50.0,399.9,0,0,12
88500000,89099999,50.001,80.0,399.9,0,0,12
88500000,89099999,80.001,100.0,248.34,0,0,12
88500000,89099999,100.001,200.0,300.09,0,0,12
88500000,89099999,200.001,300.0,357.59,0,0,12
88500000,89099999,300.001,999.999,403.59,0,0,12
89107000,89999999,0.0,1.0,40.61,0,0,12
89107000,89999999,1.001,5.0,52.45,0,0,12
89107000,89999999,5.001,10.0,61.14,0,0,12
89107000,89999999,10.001,15.0,72.44,0,0,12
89107000,89999999,15.001,20.0,89.99,0,0,12
89107000,89999999,20.001,30.0,99.9,0,0,12
89107000,89999999,30.001,40.0,299.9,0,0,12
89107000,89999999,40.001,50.0,399.9,0,0,12
89107000,89999999,50.001,80.0,399.9,0,0,12
89107000,89999999,80.001,100.0,248.34,0,0,12
89107000,89999999,100.001,200.0,300.09,0,0,12
89107000,89999999,200.001,300.0,357.59,0,0,12
89107000,89999999,300.001,999.999,403.59,0,0,12
90000000,91999999,0.0,1.0,29.9,0,0,9
90000000,91999999,1.001,5.0,59.9,0,0,9
90000000,91999999,5.001,10.0,99.9,0,0,9
90000000,91999999,10.001,15.0,99.9,0,0,9
90000000,91999999,15.001,20.0,99.9,0,0,9
90000000,91999999,20.001,30.0,129.9,0,0,9
90000000,91999999,30.001,40.0,299.9,0,0,9
90000000,91999999,40.001,50.0,399.9,0,0,9
90000000,91999999,50.001,80.0,399.9,0,0,9
90000000,91999999,80.001,100.0,299.9,0,0,9
90000000,91999999,100.001,200.0,265.64,0,0,9
90000000,91999999,200.001,300.0,368.17,0,0,9
90000000,91999999,300.001,999.999,403.52,0,0,9
92000000,92849999,0.0,1.0,24.67,0,0,9
92000000,92849999,1.001,5.0,41.39,0,0,9
92000000,92849999,5.001,10.0,56.87,0,0,9
92000000,92849999,10.001,15.0,60.32,0,0,9
92000000,92849999,15.001,20.0,68.37,0,0,9
92000000,92849999,20.001,30.0,75.77,0,0,9
92000000,92849999,30.001,40.0,259.9,0,0,9
92000000,92849999,40.001,50.0,299.9,0,0,9
92000000,92849999,50.001,80.0,329.9,0,0,9
92000000,92849999,80.001,100.0,172.67,0,0,9
92000000,92849999,100.001,200.0,265.64,0,0,9
92000000,92849999,200.001,300.0,368.17,0,0,9
92000000,92849999,300.001,999.999,403.52,0,0,9
92850000,92989999,0.0,1.0,24.67,0,0,9
92850000,92989999,1.001,5.0,41.39,0,0,9
92850000,92989999,5.001,10.0,56.87,0,0,9
92850000,92989999,10.001,15.0,60.32,0,0,9
92850000,92989999,15.001,20.0,68.37,0,0,9
92850000,92989999,20.001,30.0,75.77,0,0,9
92850000,92989999,30.001,40.0,259.9,0,0,9
92850000,92989999,40.001,50.0,299.9,0,0,9
92850000,92989999,50.001,80.0,329.9,0,0,9
92850000,92989999,80.001,100.0,172.67,0,0,9
92850000,92989999,100.001,200.0,265.64,0,0,9
92850000,92989999,200.001,300.0,368.17,0,0,9
92850000,92989999,300.001,999.999,403.52,0,0,9
92990000,93939999,0.0,1.0,24.67,0,0,9
92990000,93939999,1.001,5.0,41.39,0,0,9
92990000,93939999,5.001,10.0,56.87,0,0,9
92990000,93939999,10.001,15.0,60.32,0,0,9
92990000,93939999,15.001,20.0,68.37,0,0,9
92990000,93939999,20.001,30.0,75.77,0,0,9
92990000,93939999,30.001,40.0,259.9,0,0,9
92990000,93939999,40.001,50.0,299.9,0,0,9
92990000,93939999,50.001,80.0,329.9,0,0,9
92990000,93939999,80.001,100.0,172.67,0,0,9
92990000,93939999,100.001,200.0,265.64,0,0,9
92990000,93939999,200.001,300.0,368.17,0,0,9
92990000,93939999,300.001,999.999,403.52,0,0,9
93940000,93949999,0.0,1.0,24.67,0,0,9
93940000,93949999,1.001,5.0,41.39,0,0,9
93940000,93949999,5.001,10.0,56.87,0,0,9
93940000,93949999,10.001,15.0,60.32,0,0,9
93940000,93949999,15.001,20.0,68.37,0,0,9
93940000,93949999,20.001,30.0,75.77,0,0,9
93940000,93949999,30.001,40.0,259.9,0,0,9
93940000,93949999,40.001,50.0,299.9,0,0,9
93940000,93949999,50.001,80.0,329.9,0,0,9
93940000,93949999,80.001,100.0,172.67,0,0,9
93940000,93949999,100.001,200.0,265.64,0,0,9
93940000,93949999,200.001,300.0,368.17,0,0,9
93940000,93949999,300.001,999.999,403.52,0,0,9
93950000,93989999,0.0,1.0,24.67,0,0,9
93950000,93989999,1.001,5.0,41.39,0,0,9
93950000,93989999,5.001,10.0,56.87,0,0,9
93950000,93989999,10.001,15.0,60.32,0,0,9
93950000,93989999,15.001,20.0,68.37,0,0,9
93950000,93989999,20.001,30.0,75.77,0,0,9
93950000,93989999,30.001,40.0,259.9,0,0,9
93950000,93989999,40.001,50.0,299.9,0,0,9
93950000,93989999,50.001,80.0,329.9,0,0,9
93950000,93989999,80.001,100.0,172.67,0,0,9
93950000,93989999,100.001,200.0,265.64,0,0,9
93950000,93989999,200.001,300.0,368.17,0,0,9
93950000,93989999,300.001,999.999,403.52,0,0,9
93990000,93999999,0.0,1.0,24.67,0,0,9
93990000,93999999,1.001,5.0,41.39,0,0,9
93990000,93999999,5.001,10.0,56.87,0,0,9
93990000,93999999,10.001,15.0,60.32,0,0,9
93990000,93999999,15.001,20.0,68.37,0,0,9
93990000,93999999,20.001,30.0,75.77,0,0,9
93990000,93999999,30.001,40.0,259.9,0,0,9
93990000,93999999,40.001,50.0,299.9,0,0,9
93990000,93999999,50.001,80.0,329.9,0,0,9
93990000,93999999,80.001,100.0,172.67,0,0,9
93990000,93999999,100.001,200.0,265.64,0,0,9
93990000,93999999,200.001,300.0,368.17,0,0,9
93990000,93999999,300.001,999.999,403.52,0,0,9
94000000,94999999,0.0,1.0,24.67,0,0,9
94000000,94999999,1.001,5.0,41.39,0,0,9
94000000,94999999,5.001,10.0,56.87,0,0,9
94000000,94999999,10.001,15.0,60.32,0,0,9
94000000,94999999,15.001,20.0,68.37,0,0,9
94000000,94999999,20.001,30.0,75.77,0,0,9
94000000,94999999,30.001,40.0,259.9,0,0,9
94000000,94999999,40.001,50.0,299.9,0,0,9
94000000,94999999,50.001,80.0,329.9,0,0,9
94000000,94999999,80.001,100.0,172.67,0,0,9
94000000,94999999,100.001,200.0,265.64,0,0,9
94000000,94999999,200.001,300.0,368.17,0,0,9
94000000,94999999,300.001,999.999,403.52,0,0,9
95000000,95499999,0.0,1.0,24.67,0,0,9
95000000,95499999,1.001,5.0,41.39,0,0,9
95000000,95499999,5.001,10.0,56.87,0,0,9
95000000,95499999,10.001,15.0,60.32,0,0,9
95000000,95499999,15.001,20.0,68.37,0,0,9
95000000,95499999,20.001,30.0,75.77,0,0,9
95000000,95499999,30.001,40.0,259.9,0,0,9
95000000,95499999,40.001,50.0,299.9,0,0,9
95000000,95499999,50.001,80.0,329.9,0,0,9
95000000,95499999,80.001,100.0,172.67,0,0,9
95000000,95499999,100.001,200.0,265.64,0,0,9
95000000,95499999,200.001,300.0,368.17,0,0,9
95000000,95499999,300.001,999.999,403.52,0,0,9
95500000,95514999,0.0,1.0,24.67,0,0,9
95500000,95514999,1.001,5.0,41.39,0,0,9
95500000,95514999,5.001,10.0,56.87,0,0,9
95500000,95514999,10.001,15.0,60.32,0,0,9
95500000,95514999,15.001,20.0,68.37,0,0,9
95500000,95514999,20.001,30.0,75.77,0,0,9
95500000,95514999,30.001,40.0,259.9,0,0,9
95500000,95514999,40.001,50.0,299.9,0,0,9
95500000,95514999,50.001,80.0,329.9,0,0,9
95500000,95514999,80.001,100.0,172.67,0,0,9
95500000,95514999,100.001,200.0,265.64,0,0,9
95500000,95514999,200.001,300.0,368.17,0,0,9
95500000,95514999,300.001,999.999,403.52,0,0,9
95515000,95596999,0.0,1.0,24.67,0,0,9
95515000,95596999,1.001,5.0,41.39,0,0,9
95515000,95596999,5.001,10.0,56.87,0,0,9
95515000,95596999,10.001,15.0,60.32,0,0,9
95515000,95596999,15.001,20.0,68.37,0,0,9
95515000,95596999,20.001,30.0,75.77,0,0,9
95515000,95596999,30.001,40.0,259.9,0,0,9
95515000,95596999,40.001,50.0,299.9,0,0,9
95515000,95596999,50.001,80.0,329.9,0,0,9
95515000,95596999,80.001,100.0,172.67,0,0,9
95515000,95596999,100.001,200.0,265.64,0,0,9
95515000,95596999,200.001,300.0,368.17,0,0,9
95515000,95596999,300.001,999.999,403.52,0,0,9
95599000,95599999,0.0,1.0,24.67,0,0,9
95599000,95599999,1.001,5.0,41.39,0,0,9
95599000,95599999,5.001,10.0,56.87,0,0,9
95599000,95599999,10.001,15.0,60.32,0,0,9
95599000,95599999,15.001,20.0,68.37,0,0,9
95599000,95599999,20.001,30.0,75.77,0,0,9
95599000,95599999,30.001,40.0,259.9,0,0,9
95599000,95599999,40.001,50.0,299.9,0,0,9
95599000,95599999,50.001,80.0,329.9,0,0,9
95599000,95599999,80.001,100.0,172.67,0,0,9
95599000,95599999,100.001,200.0,265.64,0,0,9
95599000,95599999,200.001,300.0,368.17,0,0,9
95599000,95599999,300.001,999.999,403.52,0,0,9
95600000,95624999,0.0,1.0,24.67,0,0,9
95600000,95624999,1.001,5.0,41.39,0,0,9
95600000,95624999,5.001,10.0,56.87,0,0,9
95600000,95624999,10.001,15.0,60.32,0,0,9
95600000,95624999,15.001,20.0,68.37,0,0,9
95600000,95624999,20.001,30.0,75.77,0,0,9
95600000,95624999,30.001,40.0,259.9,0,0,9
95600000,95624999,40.001,50.0,299.9,0,0,9
95600000,95624999,50.001,80.0,329.9,0,0,9
95600000,95624999,80.001,100.0,172.67,0,0,9
95600000,95624999,100.001,200.0,265.64,0,0,9
95600000,95624999,200.001,300.0,368.17,0,0,9
95600000,95624999,300.001,999.999,403.52,0,0,9
95625000,95629999,0.0,1.0,24.67,0,0,9
95625000,95629999,1.001,5.0,41.39,0,0,9
95625000,95629999,5.001,10.0,56.87,0,0,9
95625000,95629999,10.001,15.0,60.32,0,0,9
95625000,95629999,15.001,20.0,68.37,0,0,9
95625000,95629999,20.001,30.0,75.77,0,0,9
95625000,95629999,30.001,40.0,259.9,0,0,9
95625000,95629999,40.001,50.0,299.9,0,0,9
95625000,95629999,50.001,80.0,329.9,0,0,9
95625000,95629999,80.001,100.0,172.67,0,0,9
95625000,95629999,100.001,200.0,265.64,0,0,9
95625000,95629999,200.001,300.0,368.17,0,0,9
95625000,95629999,300.001,999.999,403.52,0,0,9
95630000,95659999,0.0,1.0,24.67,0,0,9
95630000,95659999,1.001,5.0,41.39,0,0,9
95630000,95659999,5.001,10.0,56.87,0,0,9
95630000,95659999,10.001,15.0,60.32,0,0,9
95630000,95659999,15.001,20.0,68.37,0,0,9
95630000,95659999,20.001,30.0,75.77,0,0,9
95630000,95659999,30.001,40.0,259.9,0,0,9
95630000,95659999,40.001,50.0,299.9,0,0,9
95630000,95659999,50.001,80.0,329.9,0,0,9
95630000,95659999,80.001,100.0,172.67,0,0,9
95630000,95659999,100.001,200.0,265.64,0,0,9
95630000,95659999,200.001,300.0,368.17,0,0,9
95630000,95659999,300.001,999.999,403.52,0,0,9
95660000,95689999,0.0,1.0,24.67,0,0,9
95660000,95689999,1.001,5.0,41.39,0,0,9
95660000,95689999,5.001,10.0,56.87,0,0,9
95660000,95689999,10.001,15.0,60.32,0,0,9
95660000,95689999,15.001,20.0,68.37,0,0,9
95660000,95689999,20.001,30.0,75.77,0,0,9
95660000,95689999,30.001,40.0,259.9,0,0,9
95660000,95689999,40.001,50.0,299.9,0,0,9
95660000,95689999,50.001,80.0,329.9,0,0,9
95660000,95689999,80.001,100.0,172.67,0,0,9
95660000,95689999,100.001,200.0,265.64,0,0,9
95660000,95689999,200.001,300.0,368.17,0,0,9
95660000,95689999,300.001,999.999,403.52,0,0,9
95690000,95694999,0.0,1.0,24.67,0,0,9
95690000,95694999,1.001,5.0,41.39,0,0,9
95690000,95694999,5.001,10.0,56.87,0,0,9
95690000,95694999,10.001,15.0,60.32,0,0,9
95690000,95694999,15.001,20.0,68.37,0,0,9
95690000,95694999,20.001,30.0,75.77,0,0,9
95690000,95694999,30.001,40.0,259.9,0,0,9
95690000,95694999,40.001,50.0,299.9,0,0,9
95690000,95694999,50.001,80.0,329.9,0,0,9
95690000,95694999,80.001,100.0,172.67,0,0,9
95690000,95694999,100.001,200.0,265.64,0,0,9
95690000,95694999,200.001,300.0,368.17,0,0,9
95690000,95694999,300.001,999.999,403.52,0,0,9
95695000,95744999,0.0,1.0,24.67,0,0,9
95695000,95744999,1.001,5.0,41.39,0,0,9
95695000,95744999,5.001,10.0,56.87,0,0,9
95695000,95744999,10.001,15.0,60.32,0,0,9
95695000,95744999,15.001,20.0,68.37,0,0,9
95695000,95744999,20.001,30.0,75.77,0,0,9
95695000,95744999,30.001,40.0,259.9,0,0,9
95695000,95744999,40.001,50.0,299.9,0,0,9
95695000,95744999,50.001,80.0,329.9,0,0,9
95695000,95744999,80.001,100.0,172.67,0,0,9
95695000,95744999,100.001,200.0,265.64,0,0,9
95695000,95744999,200.001,300.0,368.17,0,0,9
95695000,95744999,300.001,999.999,403.52,0,0,9
95745000,95747999,0.0,1.0,24.67,0,0,9
95745000,95747999,1.001,5.0,41.39,0,0,9
95745000,95747999,5.001,10.0,56.87,0,0,9
95745000,95747999,10.001,15.0,60.32,0,0,9
95745000,95747999,15.001,20.0,68.37,0,0,9
95745000,95747999,20.001,30.0,75.77,0,0,9
95745000,95747999,30.001,40.0,259.9,0,0,9
95745000,95747999,40.001,50.0,299.9,0,0,9
95745000,95747999,50.001,80.0,329.9,0,0,9
95745000,95747999,80.001,100.0,172.67,0,0,9
95745000,95747999,100.001,200.0,265.64,0,0,9
95745000,95747999,200.001,300.0,368.17,0,0,9
95745000,95747999,300.001,999.999,403.52,0,0,9
95748000,95759999,0.0,1.0,24.67,0,0,9
95748000,95759999,1.001,5.0,41.39,0,0,9
95748000,95759999,5.001,10.0,56.87,0,0,9
95748000,95759999,10.001,15.0,60.32,0,0,9
95748000,95759999,15.001,20.0,68.37,0,0,9
95748000,95759999,20.001,30.0,75.77,0,0,9
95748000,95759999,30.001,40.0,259.9,0,0,9
95748000,95759999,40.001,50.0,299.9,0,0,9
95748000,95759999,50.001,80.0,329.9,0,0,9
95748000,95759999,80.001,100.0,172.67,0,0,9
95748000,95759999,100.001,200.0,265.64,0,0,9
95748000,95759999,200.001,300.0,368.17,0,0,9
95748000,95759999,300.001,999.999,403.52,0,0,9
95760000,95764999,0.0,1.0,24.67,0,0,9
95760000,95764999,1.001,5.0,41.39,0,0,9
95760000,95764999,5.001,10.0,56.87,0,0,9
95760000,95764999,10.001,15.0,60.32,0,0,9
95760000,95764999,15.001,20.0,68.37,0,0,9
95760000,95764999,20.001,30.0,75.77,0,0,9
95760000,95764999,30.001,40.0,259.9,0,0,9
95760000,95764999,40.001,50.0,299.9,0,0,9
95760000,95764999,50.001,80.0,329.9,0,0,9
95760000,95764999,80.001,100.0,172.67,0,0,9
95760000,95764999,100.001,200.0,265.64,0,0,9
95760000,95764999,200.001,300.0,368.17,0,0,9
95760000,95764999,300.001,999.999,403.52,0,0,9
95765000,95779999,0.0,1.0,24.67,0,0,9
95765000,95779999,1.001,5.0,41.39,0,0,9
95765000,95779999,5.001,10.0,56.87,0,0,9
95765000,95779999,10.001,15.0,60.32,0,0,9
95765000,95779999,15.001,20.0,68.37,0,0,9
95765000,95779999,20.001,30.0,75.77,0,0,9
95765000,95779999,30.001,40.0,259.9,0,0,9
95765000,95779999,40.001,50.0,299.9,0,0,9
95765000,95779999,50.001,80.0,329.9,0,0,9
95765000,95779999,80.001,100.0,172.67,0,0,9
95765000,95779999,100.001,200.0,265.64,0,0,9
95765000,95779999,200.001,300.0,368.17,0,0,9
95765000,95779999,300.001,999.999,403.52,0,0,9
95780000,95782999,0.0,1.0,24.67,0,0,9
95780000,95782999,1.001,5.0,41.39,0,0,9
95780000,95782999,5.001,10.0,56.87,0,0,9
95780000,95782999,10.001,15.0,60.32,0,0,9
95780000,95782999,15.001,20.0,68.37,0,0,9
95780000,95782999,20.001,30.0,75.77,0,0,9
95780000,95782999,30.001,40.0,259.9,0,0,9
95780000,95782999,40.001,50.0,299.9,0,0,9
95780000,95782999,50.001,80.0,329.9,0,0,9
95780000,95782999,80.001,100.0,172.67,0,0,9
95780000,95782999,100.001,200.0,265.64,0,0,9
95780000,95782999,200.001,300.0,368.17,0,0,9
95780000,95782999,300.001,999.999,403.52,0,0,9
95783000,95839999,0.0,1.0,24.67,0,0,9
95783000,95839999,1.001,5.0,41.39,0,0,9
95783000,95839999,5.001,10.0,56.87,0,0,9
95783000,95839999,10.001,15.0,60.32,0,0,9
95783000,95839999,15.001,20.0,68.37,0,0,9
95783000,95839999,20.001,30.0,75.77,0,0,9
95783000,95839999,30.001,40.0,259.9,0,0,9
95783000,95839999,40.001,50.0,299.9,0,0,9
95783000,95839999,50.001,80.0,329.9,0,0,9
95783000,95839999,80.001,100.0,172.67,0,0,9
95783000,95839999,100.001,200.0,265.64,0,0,9
95783000,95839999,200.001,300.0,368.17,0,0,9
95783000,95839999,300.001,999.999,403.52,0,0,9
95840000,95859999,0.0,1.0,24.67,0,0,9
95840000,95859999,1.001,5.0,41.39,0,0,9
95840000,95859999,5.001,10.0,56.87,0,0,9
95840000,95859999,10.001,15.0,60.32,0,0,9
95840000,95859999,15.001,20.0,68.37,0,0,9
95840000,95859999,20.001,30.0,75.77,0,0,9
95840000,95859999,30.001,40.0,259.9,0,0,9
95840000,95859999,40.001,50.0,299.9,0,0,9
95840000,95859999,50.001,80.0,329.9,0,0,9
95840000,95859999,80.001,100.0,172.67,0,0,9
95840000,95859999,100.001,200.0,265.64,0,0,9
95840000,95859999,200.001,300.0,368.17,0,0,9
95840000,95859999,300.001,999.999,403.52,0,0,9
95860000,96699999,0.0,1.0,24.67,0,0,9
95860000,96699999,1.001,5.0,41.39,0,0,9
95860000,96699999,5.001,10.0,56.87,0,0,9
95860000,96699999,10.001,15.0,60.32,0,0,9
95860000,96699999,15.001,20.0,68.37,0,0,9
95860000,96699999,20.001,30.0,75.77,0,0,9
95860000,96699999,30.001,40.0,259.9,0,0,9
95860000,96699999,40.001,50.0,299.9,0,0,9
95860000,96699999,50.001,80.0,329.9,0,0,9
95860000,96699999,80.001,100.0,172.67,0,0,9
95860000,96699999,100.001,200.0,265.64,0,0,9
95860000,96699999,200.001,300.0,368.17,0,0,9
95860000,96699999,300.001,999.999,403.52,0,0,9
96700000,96734999,0.0,1.0,24.67,0,0,9
96700000,96734999,1.001,5.0,41.39,0,0,9
96700000,96734999,5.001,10.0,56.87,0,0,9
96700000,96734999,10.001,15.0,60.32,0,0,9
96700000,96734999,15.001,20.0,68.37,0,0,9
96700000,96734999,20.001,30.0,75.77,0,0,9
96700000,96734999,30.001,40.0,259.9,0,0,9
96700000,96734999,40.001,50.0,299.9,0,0,9
96700000,96734999,50.001,80.0,329.9,0,0,9
96700000,96734999,80.001,100.0,172.67,0,0,9
96700000,96734999,100.001,200.0,265.64,0,0,9
96700000,96734999,200.001,300.0,368.17,0,0,9
96700000,96734999,300.001,999.999,403.52,0,0,9
96735000,96739999,0.0,1.0,24.67,0,0,9
96735000,96739999,1.001,5.0,41.39,0,0,9
96735000,96739999,5.001,10.0,56.87,0,0,9
96735000,96739999,10.001,15.0,60.32,0,0,9
96735000,96739999,15.001,20.0,68.37,0,0,9
96735000,96739999,20.001,30.0,75.77,0,0,9
96735000,96739999,30.001,40.0,259.9,0,0,9
96735000,96739999,40.001,50.0,299.9,0,0,9
96735000,96739999,50.001,80.0,329.9,0,0,9
96735000,96739999,80.001,100.0,172.67,0,0,9
96735000,96739999,100.001,200.0,265.64,0,0,9
96735000,96739999,200.001,300.0,368.17,0,0,9
96735000,96739999,300.001,999.999,403.52,0,0,9
96740000,96749999,0.0,1.0,24.67,0,0,9
96740000,96749999,1.001,5.0,41.39,0,0,9
96740000,96749999,5.001,10.0,56.87,0,0,9
96740000,96749999,10.001,15.0,60.32,0,0,9
96740000,96749999,15.001,20.0,68.37,0,0,9
96740000,96749999,20.001,30.0,75.77,0,0,9
96740000,96749999,30.001,40.0,259.9,0,0,9
96740000,96749999,40.001,50.0,299.9,0,0,9
96740000,96749999,50.001,80.0,329.9,0,0,9
96740000,96749999,80.001,100.0,172.67,0,0,9
96740000,96749999,100.001,200.0,265.64,0,0,9
96740000,96749999,200.001,300.0,368.17,0,0,9
96740000,96749999,300.001,999.999,403.52,0,0,9
96750000,98059999,0.0,1.0,24.67,0,0,9
96750000,98059999,1.001,5.0,41.39,0,0,9
96750000,98059999,5.001,10.0,56.87,0,0,9
96750000,98059999,10.001,15.0,60.32,0,0,9
96750000,98059999,15.001,20.0,68.37,0,0,9
96750000,98059999,20.001,30.0,75.77,0,0,9
96750000,98059999,30.001,40.0,259.9,0,0,9
96750000,98059999,40.001,50.0,299.9,0,0,9
96750000,98059999,50.001,80.0,329.9,0,0,9
96750000,98059999,80.001,100.0,172.67,0,0,9
96750000,98059999,100.001,200.0,265.64,0,0,9
96750000,98059999,200.001,300.0,368.17,0,0,9
96750000,98059999,300.001,999.999,403.52,0,0,9
98118000,99999999,0.0,1.0,24.67,0,0,9
98118000,99999999,1.001,5.0,41.39,0,0,9
98118000,99999999,5.001,10.0,56.87,0,0,9
98118000,99999999,10.001,15.0,60.32,0,0,9
98118000,99999999,15.001,20.0,68.37,0,0,9
98118000,99999999,20.001,30.0,75.77,0,0,9
98118000,99999999,30.001,40.0,259.9,0,0,9
98118000,99999999,40.001,50.0,299.9,0,0,9
98118000,99999999,50.001,80.0,329.9,0,0,9
98118000,99999999,80.001,100.0,210.98,0,0,9
98118000,99999999,100.001,200.0,265.64,0,0,9
98118000,99999999,200.001,300.0,368.17,0,0,9
98118000,99999999,300.001,999.999,403.52,0,0,9
69300000,69339999,0.0,1.0,206.42,0,0,29
69300000,69339999,1.001,5.0,252.97,0,0,29
69300000,69339999,5.001,10.0,328.25,0,0,29
69300000,69339999,10.001,15.0,417.42,0,0,29
69300000,69339999,15.001,20.0,631.98,0,0,29
69300000,69339999,20.001,30.0,758.97,0,0,29
69300000,69339999,30.001,40.0,961.37,0,0,29
69300000,69339999,40.001,50.0,1137.98,0,0,29
69300000,69339999,50.001,80.0,1252.32,0,0,29
69300000,69339999,80.001,100.0,1544.54,0,0,29
69300000,69339999,100.001,200.0,1593.25,0,0,29
69300000,69339999,200.001,300.0,1708.37,0,0,29
69300000,69339999,300.001,999.999,1898.12,0,0,29
69340000,69389999,0.0,1.0,206.42,0,0,29
69340000,69389999,1.001,5.0,252.97,0,0,29
69340000,69389999,5.001,10.0,328.25,0,0,29
69340000,69389999,10.001,15.0,417.42,0,0,29
69340000,69389999,15.001,20.0,631.98,0,0,29
69340000,69389999,20.001,30.0,758.97,0,0,29
69340000,69389999,30.001,40.0,961.37,0,0,29
69340000,69389999,40.001,50.0,1137.98,0,0,29
69340000,69389999,50.001,80.0,1252.32,0,0,29
69340000,69389999,80.001,100.0,1544.54,0,0,29
69340000,69389999,100.001,200.0,1593.25,0,0,29
69340000,69389999,200.001,300.0,1708.37,0,0,29
69340000,69389999,300.001,999.999,1898.12,0,0,29
69000000,69099999,0.0,1.0,206.42,0,0,29
69000000,69099999,1.001,5.0,252.97,0,0,29
69000000,69099999,5.001,10.0,328.25,0,0,29
69000000,69099999,10.001,15.0,417.42,0,0,29
69000000,69099999,15.001,20.0,631.98,0,0,29
69000000,69099999,20.001,30.0,758.97,0,0,29
69000000,69099999,30.001,40.0,961.37,0,0,29
69000000,69099999,40.001,50.0,1137.98,0,0,29
69000000,69099999,50.001,80.0,1252.32,0,0,29
69000000,69099999,80.001,100.0,1544.54,0,0,29
69000000,69099999,100.001,200.0,1593.25,0,0,29
69000000,69099999,200.001,300.0,1708.37,0,0,29
69000000,69099999,300.001,999.999,1898.12,0,0,29
69100000,69299999,0.0,1.0,206.42,0,0,29
69100000,69299999,1.001,5.0,252.97,0,0,29
69100000,69299999,5.001,10.0,328.25,0,0,29
69100000,69299999,10.001,15.0,417.42,0,0,29
69100000,69299999,15.001,20.0,631.98,0,0,29
69100000,69299999,20.001,30.0,758.97,0,0,29
69100000,69299999,30.001,40.0,961.37,0,0,29
69100000,69299999,40.001,50.0,1137.98,0,0,29
69100000,69299999,50.001,80.0,1252.32,0,0,29
69100000,69299999,80.001,100.0,1544.54,0,0,29
69100000,69299999,100.001,200.0,1593.25,0,0,29
69100000,69299999,200.001,300.0,1708.37,0,0,29
69100000,69299999,300.001,999.999,1898.12,0,0,29
68900000,68914999,0.0,1.0,206.42,0,0,29
68900000,68914999,1.001,5.0,252.97,0,0,29
68900000,68914999,5.001,10.0,328.25,0,0,29
68900000,68914999,10.001,15.0,417.42,0,0,29
68900000,68914999,15.001,20.0,631.98,0,0,29
68900000,68914999,20.001,30.0,758.97,0,0,29
68900000,68914999,30.001,40.0,961.37,0,0,29
68900000,68914999,40.001,50.0,1137.98,0,0,29
68900000,68914999,50.001,80.0,1252.32,0,0,29
68900000,68914999,80.001,100.0,1544.54,0,0,29
68900000,68914999,100.001,200.0,1593.25,0,0,29
68900000,68914999,200.001,300.0,1708.37,0,0,29
68900000,68914999,300.001,999.999,1898.12,0,0,29
68915000,68999999,0.0,1.0,206.42,0,0,29
68915000,68999999,1.001,5.0,252.97,0,0,29
68915000,68999999,5.001,10.0,328.25,0,0,29
68915000,68999999,10.001,15.0,417.42,0,0,29
68915000,68999999,15.001,20.0,631.98,0,0,29
68915000,68999999,20.001,30.0,758.97,0,0,29
68915000,68999999,30.001,40.0,961.37,0,0,29
68915000,68999999,40.001,50.0,1137.98,0,0,29
68915000,68999999,50.001,80.0,1252.32,0,0,29
68915000,68999999,80.001,100.0,1544.54,0,0,29
68915000,68999999,100.001,200.0,1593.25,0,0,29
68915000,68999999,200.001,300.0,1708.37,0,0,29
68915000,68999999,300.001,999.999,1898.12,0,0,29
69900000,69920999,0.0,1.0,206.42,0,0,29
69900000,69920999,1.001,5.0,252.97,0,0,29
69900000,69920999,5.001,10.0,328.25,0,0,29
69900000,69920999,10.001,15.0,417.42,0,0,29
69900000,69920999,15.001,20.0,631.98,0,0,29
69900000,69920999,20.001,30.0,758.97,0,0,29
69900000,69920999,30.001,40.0,961.37,0,0,29
69900000,69920999,40.001,50.0,1137.98,0,0,29
69900000,69920999,50.001,80.0,1252.32,0,0,29
69900000,69920999,80.001,100.0,1544.54,0,0,29
69900000,69920999,100.001,200.0,1593.25,0,0,29
69900000,69920999,200.001,300.0,1708.37,0,0,29
69900000,69920999,300.001,999.999,1898.12,0,0,29
69921000,69999999,0.0,1.0,206.42,0,0,29
69921000,69999999,1.001,5.0,252.97,0,0,29
69921000,69999999,5.001,10.0,328.25,0,0,29
69921000,69999999,10.001,15.0,417.42,0,0,29
69921000,69999999,15.001,20.0,631.98,0,0,29
69921000,69999999,20.001,30.0,758.97,0,0,29
69921000,69999999,30.001,40.0,961.37,0,0,29
69921000,69999999,40.001,50.0,1137.98,0,0,29
69921000,69999999,50.001,80.0,1252.32,0,0,29
69921000,69999999,80.001,100.0,1544.54,0,0,29
69921000,69999999,100.001,200.0,1593.25,0,0,29
69921000,69999999,200.001,300.0,1708.37,0,0,29
69921000,69999999,300.001,999.999,1898.12,0,0,29
